pathway	B_breve_689b_C_completion_rate	Lco_lactis_1064-C11_S_completion_rate	St_thermophilus_CBC-S77_S_completion_rate	B_breve_689b_C_rxn_assoc (sep=;)	Lco_lactis_1064-C11_S_rxn_assoc (sep=;)	St_thermophilus_CBC-S77_S_rxn_assoc (sep=;)
PWY-7816	NA	NA	NA	2.7.7.40-RXN;TRANS-RXN-314;RIBITOL-5-PHOSPHATE-2-DEHYDROGENASE-RXN	RXN-18014;TRANS-RXN-314;UDPGLCNACEPIM-RXN;6.1.1.13-RXN;2.7.7.40-RXN;GLCNACPTRANS-RXN	RXN-18014;TRANS-RXN-314;GLCNACPTRANS-RXN;6.1.1.13-RXN
PWY-6160	NA	NA	NA	ASPARTATE-SEMIALDEHYDE-DEHYDROGENASE-RXN;ASPARTATEKIN-RXN	ASPARTATE-SEMIALDEHYDE-DEHYDROGENASE-RXN;ASPARTATEKIN-RXN	ASPARTATE-SEMIALDEHYDE-DEHYDROGENASE-RXN;ASPARTATEKIN-RXN
PWY-8138	NA			EXOPOLYPHOSPHATASE-RXN;POLYPHOSPHATE-KINASE-RXN		
PWY-0	NA	NA	NA	RXN-0	RXN-0	RXN-0
PWY-6897	NA	NA		PWY-6910;THIAZOLSYN3-RXN	PWY-6910;THI-P-SYN-RXN;THIAZOLSYN3-RXN	
PWY-8291	NA	NA		ASPARTASE-RXN;GLUTAMINESYN-RXN	GLUTAMINESYN-RXN	
RIBOSYN2-PWY	NA	NA	NA	RIBOPHOSPHAT-RXN	RIBOPHOSPHAT-RXN;RIBOFLAVIN-SYN-RXN;LUMAZINESYN-RXN	RIBOPHOSPHAT-RXN
PEPTIDOGLYCANSYN-PWY	NA	NA	NA	PHOSNACMURPENTATRANS-RXN;NACGLCTRANS-RXN;PWY-6387	PHOSNACMURPENTATRANS-RXN;NACGLCTRANS-RXN;PWY-6387;TRANS-RXN0-286	PHOSNACMURPENTATRANS-RXN;NACGLCTRANS-RXN;PWY-6387;TRANS-RXN0-286
ASPARAGINE-DEG1-PWY-1	NA	NA	NA	ASPAMINOTRANS-RXN	ASPAMINOTRANS-RXN;ASPARAGHYD-RXN	ASPAMINOTRANS-RXN;ASPARAGHYD-RXN
PWY-6308	NA	NA	NA	RXN-16637	RXN-16637	RXN-16637
GLYCLEAV-PWY	NA	NA	NA	RXN-8629	RXN-8629	GCVT-RXN;RXN-8629
NAD-BIOSYNTHESIS-II	NA	NA	NA	RXN-5841;NADPYROPHOSPHAT-RXN	NADPYROPHOSPHAT-RXN	RXN-5841
PWY0-1586	NA	NA	NA	RXN-16660;RXN-16665;RXN-16659;RXN-16650;RXN-16649	RXN-16649;RXN-16650;RXN-16659	RXN-16649;RXN-16650;RXN-16659
PWY-8173	NA	NA	NA	BRANCHED-CHAINAMINOTRANSFERILEU-RXN	BRANCHED-CHAINAMINOTRANSFERILEU-RXN	BRANCHED-CHAINAMINOTRANSFERILEU-RXN
ANAGLYCOLYSIS-PWY	NA	NA	NA	2PGADEHYDRAT-RXN;PEPDEPHOS-RXN;PGLUCISOM-RXN;F16ALDOLASE-RXN;GAPOXNPHOSPHN-RXN;RXN-15513;PHOSGLYPHOS-RXN;TRIOSEPISOMERIZATION-RXN;GLUCOKIN-RXN	6PFRUCTPHOS-RXN;2PGADEHYDRAT-RXN;PEPDEPHOS-RXN;PGLUCISOM-RXN;F16ALDOLASE-RXN;GAPOXNPHOSPHN-RXN;RXN-15513;PHOSGLYPHOS-RXN;TRIOSEPISOMERIZATION-RXN;GLUCOKIN-RXN	6PFRUCTPHOS-RXN;2PGADEHYDRAT-RXN;PEPDEPHOS-RXN;PGLUCISOM-RXN;RXN-15513;TRIOSEPISOMERIZATION-RXN;GLUCOKIN-RXN
PWY-6587	NA	NA	NA	ALCOHOL-DEHYDROG-RXN	PYRUFLAVREDUCT-RXN;ALCOHOL-DEHYDROG-RXN	ALCOHOL-DEHYDROG-RXN
PWY-7318	NA	NA	NA	DTDPGLUCOSEPP-RXN;DTDPGLUCDEHYDRAT-RXN	DTDPGLUCOSEPP-RXN;DTDPGLUCDEHYDRAT-RXN	DTDPGLUCOSEPP-RXN;DTDPGLUCDEHYDRAT-RXN
PWY-7550	NA			RXN-18089;RXN-15804		
PWY-7301	NA	NA	NA	DTDPGLUCOSEPP-RXN;DTDPDEHYDRHAMEPIM-RXN;DTDPGLUCDEHYDRAT-RXN	DTDPGLUCOSEPP-RXN;DTDPDEHYDRHAMEPIM-RXN;DTDPGLUCDEHYDRAT-RXN	DTDPGLUCOSEPP-RXN;DTDPDEHYDRHAMEPIM-RXN;DTDPGLUCDEHYDRAT-RXN
PWY-7622	NA	NA	NA	GALPMUT-RXN;PWY-7344	GALPMUT-RXN;PWY-7344	GALPMUT-RXN;PWY-7344
PPGPPMET-PWY	NA	NA	NA	GDPPYPHOSKIN-RXN;GTPPYPHOSKIN-RXN;PPPGPPHYDRO-RXN	GDPPYPHOSKIN-RXN;GTPPYPHOSKIN-RXN	GDPPYPHOSKIN-RXN;GDPKIN-RXN;GTPPYPHOSKIN-RXN
PWY-5538	NA	NA		SUCCCOASYN-RXN	PYRUFLAVREDUCT-RXN	
PWY-5885	NA	NA		RXN-7904	RXN-7904	
PWY-8137	NA	NA	NA	RXN-20456;RXN-20457	RXN-20456;RXN-20457	RXN-20456;RXN-20457
PWY-6754	NA	NA	NA	METHYLTHIOADENOSINE-NUCLEOSIDASE-RXN	METHYLTHIOADENOSINE-NUCLEOSIDASE-RXN	METHYLTHIOADENOSINE-NUCLEOSIDASE-RXN
PWY-7039	NA	NA	NA	DIACYLGLYKIN-RXN	DIACYLGLYKIN-RXN	DIACYLGLYKIN-RXN
GLYCOLYSIS	NA	NA	NA	2PGADEHYDRAT-RXN;PEPDEPHOS-RXN;PGLUCISOM-RXN;F16ALDOLASE-RXN;GAPOXNPHOSPHN-RXN;PHOSGLYPHOS-RXN;TRIOSEPISOMERIZATION-RXN;RXN-15513	6PFRUCTPHOS-RXN;2PGADEHYDRAT-RXN;PEPDEPHOS-RXN;PGLUCISOM-RXN;F16ALDOLASE-RXN;F16BDEPHOS-RXN;GAPOXNPHOSPHN-RXN;PHOSGLYPHOS-RXN;TRIOSEPISOMERIZATION-RXN;RXN-15513	6PFRUCTPHOS-RXN;2PGADEHYDRAT-RXN;PEPDEPHOS-RXN;PGLUCISOM-RXN;F16BDEPHOS-RXN;TRIOSEPISOMERIZATION-RXN;RXN-15513
PWY-7400	NA	NA	NA	CARBPSYN-RXN;ARGSUCCINLYA-RXN;ARGSUCCINSYN-RXN;ORNCARBAMTRANSFER-RXN	CARBPSYN-RXN;ARGSUCCINLYA-RXN;ARGSUCCINSYN-RXN;ORNCARBAMTRANSFER-RXN	CARBPSYN-RXN;ARGSUCCINLYA-RXN;ARGSUCCINSYN-RXN;ORNCARBAMTRANSFER-RXN
PHESYN	NA	NA	NA	PREPHENATEDEHYDRAT-RXN;RXN-10814	PREPHENATEDEHYDRAT-RXN;RXN-10814	PREPHENATEDEHYDRAT-RXN;RXN-10814
ETOH-ACETYLCOA-ANA-PWY	NA	NA	NA	ALCOHOL-DEHYDROG-RXN	ALCOHOL-DEHYDROG-RXN	ALCOHOL-DEHYDROG-RXN
PWY-5499	NA			3.5.1.29-RXN		
PWY-7312	NA	NA	NA	DTDPGLUCOSEPP-RXN;DTDPGLUCDEHYDRAT-RXN	DTDPGLUCOSEPP-RXN;DTDPGLUCDEHYDRAT-RXN	DTDPGLUCOSEPP-RXN;DTDPGLUCDEHYDRAT-RXN
PWY-6317	NA	NA	NA	PHOSPHOGLUCMUT-RXN;UDPGLUCEPIM-RXN;GALACTURIDYLYLTRANS-RXN;GALACTOKIN-RXN;ALDOSE1EPIM-RXN	GALACTOKIN-RXN;UDPGLUCEPIM-RXN;GALACTURIDYLYLTRANS-RXN;ALDOSE1EPIM-RXN	GALACTOKIN-RXN;PHOSPHOGLUCMUT-RXN;UDPGLUCEPIM-RXN;GALACTURIDYLYLTRANS-RXN
PWY-7790	NA	NA	NA	OROPRIBTRANS-RXN;ASPCARBTRANS-RXN;DIHYDROOROT-RXN;OROTPDECARB-RXN;CARBPSYN-RXN	RXN-9929;OROPRIBTRANS-RXN;ASPCARBTRANS-RXN;DIHYDROOROT-RXN;OROTPDECARB-RXN;CARBPSYN-RXN	CARBPSYN-RXN;RXN-9929;ASPCARBTRANS-RXN
PWY-7385	NA	NA	NA	PGLUCISOM-RXN;F16ALDOLASE-RXN;RXN-14965;GLUCOKIN-RXN	PGLUCISOM-RXN;F16ALDOLASE-RXN;6PFRUCTPHOS-RXN;GLUCOKIN-RXN	PGLUCISOM-RXN;6PFRUCTPHOS-RXN;GLUCOKIN-RXN
GLUCONEO-PWY	NA	NA	NA	2PGADEHYDRAT-RXN;PGLUCISOM-RXN;F16ALDOLASE-RXN;GAPOXNPHOSPHN-RXN;PHOSGLYPHOS-RXN;TRIOSEPISOMERIZATION-RXN	2PGADEHYDRAT-RXN;PGLUCISOM-RXN;F16ALDOLASE-RXN;F16BDEPHOS-RXN;GAPOXNPHOSPHN-RXN;PHOSGLYPHOS-RXN;TRIOSEPISOMERIZATION-RXN	F16BDEPHOS-RXN;PGLUCISOM-RXN;TRIOSEPISOMERIZATION-RXN;2PGADEHYDRAT-RXN
PWY-6620	NA	NA	NA	GUANPRIBOSYLTRAN-RXN	GUANPRIBOSYLTRAN-RXN;RXN0-5199	GUANPRIBOSYLTRAN-RXN;RXN0-5199
PWY-6539	NA	NA	NA	RXN-8899	RXN-8899	RXN-8899
PWY-4984	NA	NA	NA	ORNCARBAMTRANSFER-RXN;ARGSUCCINLYA-RXN;ARGSUCCINSYN-RXN	ORNCARBAMTRANSFER-RXN;ARGSUCCINLYA-RXN;ARGSUCCINSYN-RXN	ORNCARBAMTRANSFER-RXN;ARGSUCCINLYA-RXN;ARGSUCCINSYN-RXN
P21-PWY	NA	NA	NA	2TRANSKETO-RXN;RIBULP3EPIM-RXN;1TRANSKETO-RXN	2TRANSKETO-RXN;RIBULP3EPIM-RXN;1TRANSKETO-RXN	2TRANSKETO-RXN;RIBULP3EPIM-RXN;1TRANSKETO-RXN
PWY-6886	NA	NA	NA	CALVIN-PWY;2PGADEHYDRAT-RXN;PEPDEPHOS-RXN;PWY-101;PHOSGLYPHOS-RXN	CALVIN-PWY;2PGADEHYDRAT-RXN;PEPDEPHOS-RXN;PWY-6883;PWY-101;PHOSGLYPHOS-RXN	CALVIN-PWY;PWY-101;2PGADEHYDRAT-RXN;PEPDEPHOS-RXN
PWY-6910	NA	NA		PYRIMSYN3-RXN;OHMETPYRKIN-RXN	PYRIMSYN3-RXN;OHMETPYRKIN-RXN	
PWY-8017	NA	NA	NA	TRYPTOPHAN-AMINOTRANSFERASE-RXN;TRPKYNCAT-PWY	TRYPTOPHAN-AMINOTRANSFERASE-RXN;TRPKYNCAT-PWY	TRYPTOPHAN-AMINOTRANSFERASE-RXN;TRPKYNCAT-PWY
PWY-7409	NA	NA		RXN-15035	RXN-14160	
PWY3O-4108	NA	NA	NA	TYROSINE-AMINOTRANSFERASE-RXN	TYROSINE-AMINOTRANSFERASE-RXN	TYROSINE-AMINOTRANSFERASE-RXN
PWY-8314	NA	NA	NA	RXN-22587	RXN-22587	RXN-22587
ASPARTATE-DEG1-PWY	NA	NA	NA	ASPAMINOTRANS-RXN	ASPAMINOTRANS-RXN	ASPAMINOTRANS-RXN
PWY-3341	NA	NA	NA	SPONTPRO-RXN;PYRROLINECARBREDUCT-RXN	SPONTPRO-RXN;PYRROLINECARBREDUCT-RXN	SPONTPRO-RXN;PYRROLINECARBREDUCT-RXN
PWY-7342	NA			QUINOLINATE-SYNTHA-RXN;L-ASPARTATE-OXID-RXN;QUINOPRIBOTRANS-RXN;PWY-5316		
TRPIAACAT-PWY	NA	NA	NA	TRYPTOPHAN-AMINOTRANSFERASE-RXN	4.1.1.74-RXN;TRYPTOPHAN-AMINOTRANSFERASE-RXN	TRYPTOPHAN-AMINOTRANSFERASE-RXN
METH-ACETATE-PWY	NA	NA	NA	ACETATEKIN-RXN;PHOSACETYLTRANS-RXN	ACETATEKIN-RXN;PHOSACETYLTRANS-RXN	ACETATEKIN-RXN;PHOSACETYLTRANS-RXN
PWY-6605	NA	NA	NA	ADENPRIBOSYLTRAN-RXN	ADENPRIBOSYLTRAN-RXN	ADENPRIBOSYLTRAN-RXN
PWY-2941	NA	NA	NA	DIAMINOPIMDECARB-RXN;DIHYDRODIPICSYN-RXN;ASPARTATE-SEMIALDEHYDE-DEHYDROGENASE-RXN;DIAMINOPIMEPIM-RXN;ASPARTATEKIN-RXN;RXN-14014	2.3.1.89-RXN;DIAMINOPIMDECARB-RXN;DIHYDRODIPICSYN-RXN;ASPARTATE-SEMIALDEHYDE-DEHYDROGENASE-RXN;N-ACETYLDIAMINOPIMELATE-DEACETYLASE-RXN;ASPARTATEKIN-RXN;RXN-14014	2.3.1.89-RXN;DIAMINOPIMDECARB-RXN;DIHYDRODIPICSYN-RXN;ASPARTATE-SEMIALDEHYDE-DEHYDROGENASE-RXN;N-ACETYLDIAMINOPIMELATE-DEACETYLASE-RXN;ASPARTATEKIN-RXN;RXN-14014
PWY-6012-1	NA	NA	NA	HOLO-ACP-SYNTH-RXN	HOLO-ACP-SYNTH-RXN	HOLO-ACP-SYNTH-RXN
TRYPDEG-PWY	NA	NA	NA	RXN-15127;RXN-15124	RXN-15127;RXN-15124	RXN-15127;RXN-15124
PWY-6121	NA	NA	NA	AIRS-RXN;GLYRIBONUCSYN-RXN;FGAMSYN-RXN;PRPPAMIDOTRANS-RXN	PRPPAMIDOTRANS-RXN;AIRS-RXN;GART-RXN;FGAMSYN-RXN;GLYRIBONUCSYN-RXN	PRPPAMIDOTRANS-RXN;AIRS-RXN;GART-RXN;FGAMSYN-RXN;GLYRIBONUCSYN-RXN
PWY-7124	NA	NA	NA	2PGADEHYDRAT-RXN;PEPCARBOX-RXN;ISOCITDEH-RXN;CITSYN-RXN;PHOTOALL-PWY	PHOTOALL-PWY;ISOCITDEH-RXN;2PGADEHYDRAT-RXN	2PGADEHYDRAT-RXN;PEPCARBOX-RXN;ISOCITDEH-RXN;CITSYN-RXN;PHOTOALL-PWY
PWY-8061	NA	NA	NA	RXN-11410;RXN-11409	RXN-11410;RXN-11409	RXN-11410;RXN-11409
TCA	NA	NA	NA	CITSYN-RXN;RXN-14971;ISOCITDEH-RXN;SUCCCOASYN-RXN	RXN-14971;ISOCITDEH-RXN	CITSYN-RXN;ISOCITDEH-RXN
PWYQT-4429	NA		NA	PEPCARBOX-RXN;RXN0-5224		PEPCARBOX-RXN;RXN0-5224
OANTIGEN-PWY	NA	NA	NA	DTDPRHAMSYN-PWY;GALPMUT-RXN;UDPNAGSYN-PWY	DTDPRHAMSYN-PWY;GALPMUT-RXN;UDPNAGSYN-PWY	DTDPRHAMSYN-PWY;GALPMUT-RXN;UDPNAGSYN-PWY
PWY-6608	NA	NA	NA	RXN-7609	RXN0-5199	RXN0-5199;RXN-7609
NONOXIPENT-PWY	NA	NA	NA	1TRANSKETO-RXN;TRANSALDOL-RXN;RIBULP3EPIM-RXN;RIB5PISOM-RXN;2TRANSKETO-RXN	2TRANSKETO-RXN;RIBULP3EPIM-RXN;1TRANSKETO-RXN;RIB5PISOM-RXN	2TRANSKETO-RXN;RIBULP3EPIM-RXN;1TRANSKETO-RXN;RIB5PISOM-RXN
PWY-6700	NA	NA	NA	RXN0-1321	RXN0-1342;RXN0-1321	RXN0-4022;RXN0-1342;RXN-12104
TRIGLSYN-PWY	NA	NA	NA	RXN-1623	RXN-1381;RXN-1623	RXN-1381
PROUT-PWY	NA	NA	NA	SPONTPRO-RXN	SPONTPRO-RXN	SPONTPRO-RXN
PROSYN-PWY	NA	NA	NA	SPONTPRO-RXN;PYRROLINECARBREDUCT-RXN;GLUTKIN-RXN;GLUTSEMIALDEHYDROG-RXN	SPONTPRO-RXN;PYRROLINECARBREDUCT-RXN;GLUTKIN-RXN;GLUTSEMIALDEHYDROG-RXN	SPONTPRO-RXN;PYRROLINECARBREDUCT-RXN;GLUTKIN-RXN;GLUTSEMIALDEHYDROG-RXN
PWY-8296	NA	NA	NA	ASPARTATE-SEMIALDEHYDE-DEHYDROGENASE-RXN;ASPARTATEKIN-RXN	ASPARTATE-SEMIALDEHYDE-DEHYDROGENASE-RXN;ASPARTATEKIN-RXN	ASPARTATE-SEMIALDEHYDE-DEHYDROGENASE-RXN;ASPARTATEKIN-RXN
PWY-7761	NA	NA	NA	NICONUCADENYLYLTRAN-RXN;NAD-SYNTH-GLN-RXN;NADPYROPHOSPHAT-RXN	NAD-SYNTH-NH3-RXN;NICONUCADENYLYLTRAN-RXN;NAD-SYNTH-GLN-RXN;NADPYROPHOSPHAT-RXN	NAD-SYNTH-NH3-RXN;NICONUCADENYLYLTRAN-RXN;NAD-SYNTH-GLN-RXN
GLUTAMINEFUM-PWY	NA	NA		GLUTAMATESYN-RXN	GLUTAMATESYN-RXN	
PWY185E-1	NA	NA	NA	RXN185E-16	RXN185E-16	RXN185E-16
PWY-5101	NA	NA	NA	DIHYDROXYMETVALDEHYDRAT-RXN;ACETOOHBUTSYN-RXN;BRANCHED-CHAINAMINOTRANSFERILEU-RXN	DIHYDROXYMETVALDEHYDRAT-RXN;ACETOOHBUTSYN-RXN;BRANCHED-CHAINAMINOTRANSFERILEU-RXN	DIHYDROXYMETVALDEHYDRAT-RXN;ACETOOHBUTSYN-RXN;BRANCHED-CHAINAMINOTRANSFERILEU-RXN
GLUTDEG-PWY	NA	NA	NA	ASPARTASE-RXN;ASPAMINOTRANS-RXN	ASPAMINOTRANS-RXN	ASPAMINOTRANS-RXN
PWY-5078	NA	NA	NA	BRANCHED-CHAINAMINOTRANSFERILEU-RXN	BRANCHED-CHAINAMINOTRANSFERILEU-RXN	BRANCHED-CHAINAMINOTRANSFERILEU-RXN
PWY-5789	NA	NA	NA	RXN0-5224;PROPIONYL-COA-CARBOXY-RXN	BIOTIN-CARBOXYL-RXN;RXN0-5055;ACETYL-COA-ACETYLTRANSFER-RXN	BIOTIN-CARBOXYL-RXN;RXN0-5224;RXN0-5055
PWY66-429	NA	NA	NA	MALONYL-COA-ACP-TRANSACYL-RXN	MALONYL-COA-ACP-TRANSACYL-RXN;3-OXOACYL-ACP-SYNTH-BASE-RXN;ACETYL-COA-CARBOXYLTRANSFER-RXN	MALONYL-COA-ACP-TRANSACYL-RXN;ACETYL-COA-CARBOXYLTRANSFER-RXN
PWY-7184	NA	NA	NA	THYMIDYLATESYN-RXN;CDPREDUCT-RXN;DUTP-PYROP-RXN;DTMPKI-RXN;UDPREDUCT-RXN	THYMIDYLATESYN-RXN;CDPREDUCT-RXN;DUTP-PYROP-RXN;DTMPKI-RXN;RXN-12195;UDPREDUCT-RXN	THYMIDYLATESYN-RXN;CDPREDUCT-RXN;DUTP-PYROP-RXN;DCDPKIN-RXN;DTMPKI-RXN;DTDPKIN-RXN;DUDPKIN-RXN;UDPREDUCT-RXN
PWY-8136	NA	NA	NA	RXN-20456;RXN-20457	RXN-20456;RXN-20457;RXN-13141	RXN-20456;RXN-20457;RXN-13141
PWY-5046	NA	NA	NA	RXN-7719	RXN-7719	RXN-7719
PWY-4983	NA	NA	NA	ARGSUCCINLYA-RXN;ARGSUCCINSYN-RXN	ARGSUCCINLYA-RXN;ARGSUCCINSYN-RXN	ARGSUCCINLYA-RXN;ARGSUCCINSYN-RXN
PWY-6936	NA	NA	NA	RXN-12729;RXN-12730	RXN-12729;RXN-12726;RXN-12730;SERINE-O-ACETTRAN-RXN	RXN-12729;RXN-12726;RXN-12730;SERINE-O-ACETTRAN-RXN
PWY-6807	NA	NA	NA	RXN-12399;RXN-12398;RXN-12400	RXN-12399;RXN-12398;RXN-12400	RXN-12399;RXN-12398;RXN-12400
PWY-7328	NA	NA	NA	UDPGLUCEPIM-RXN;GALPMUT-RXN;PWY-7344;PWY-7343	UDPGLUCEPIM-RXN;GALPMUT-RXN;PWY-7344;PWY-7343	UDPGLUCEPIM-RXN;GALPMUT-RXN;PWY-7344;PWY-7343
QUINATEDEG-PWY	NA	NA	NA	3-DEHYDROQUINATE-DEHYDRATASE-RXN	3-DEHYDROQUINATE-DEHYDRATASE-RXN	3-DEHYDROQUINATE-DEHYDRATASE-RXN
PWY-7657	NA	NA	NA	DTDPGLUCOSEPP-RXN;DTDPGLUCDEHYDRAT-RXN	DTDPGLUCOSEPP-RXN;DTDPGLUCDEHYDRAT-RXN	DTDPGLUCOSEPP-RXN;DTDPGLUCDEHYDRAT-RXN
PWY-5743	NA	NA	NA	RXN0-5224;PROPIONYL-COA-CARBOXY-RXN	BIOTIN-CARBOXYL-RXN;RXN0-5055	BIOTIN-CARBOXYL-RXN;RXN0-5224;RXN0-5055
COA-PWY	NA	NA	NA	PANTEPADENYLYLTRAN-RXN;DEPHOSPHOCOAKIN-RXN	PANTEPADENYLYLTRAN-RXN;DEPHOSPHOCOAKIN-RXN	PANTEPADENYLYLTRAN-RXN;DEPHOSPHOCOAKIN-RXN
PWY-6470	NA	NA	NA	PWY-6386;RXN-22556;RXN-11346;RXN-11348;RXN-11347	PWY-6386;RXN-11346;RXN-11347;RXN-11344	PWY-6386;RXN-11346;RXN-11347
1CMET2-PWY	NA	NA	NA	GCVMULTI-RXN;DIHYDROFOLATEREDUCT-RXN;5-FORMYL-THF-CYCLO-LIGASE-RXN;THYMIDYLATESYN-RXN	DIHYDROFOLATEREDUCT-RXN;5-FORMYL-THF-CYCLO-LIGASE-RXN;GLYOHMETRANS-RXN;THYMIDYLATESYN-RXN	DIHYDROFOLATEREDUCT-RXN;5-FORMYL-THF-CYCLO-LIGASE-RXN;GLYOHMETRANS-RXN;THYMIDYLATESYN-RXN
PWY-5663	NA	NA	NA	GTP-CYCLOHYDRO-I-RXN	GTP-CYCLOHYDRO-I-RXN	GTP-CYCLOHYDRO-I-RXN
SALVPURINE2-PWY	NA	NA	NA	XANPRIBOSYLTRAN-RXN	XANTHOSINEPHOSPHORY-RXN;XANPRIBOSYLTRAN-RXN	XANTHOSINEPHOSPHORY-RXN;XANPRIBOSYLTRAN-RXN
PWY-8004	NA	NA	NA	2PGADEHYDRAT-RXN;PEPDEPHOS-RXN;6PGLUCONOLACT-RXN;GAPOXNPHOSPHN-RXN;PHOSGLYPHOS-RXN;GLU6PDEHYDROG-RXN;RXN-15513	2PGADEHYDRAT-RXN;PEPDEPHOS-RXN;ENTNER-DOUDOROFF-PWY;6PGLUCONOLACT-RXN;GAPOXNPHOSPHN-RXN;PHOSGLYPHOS-RXN;GLU6PDEHYDROG-RXN;RXN-15513	RXN-15513;2PGADEHYDRAT-RXN;PEPDEPHOS-RXN
PWY-6389	NA	NA	NA	ACETOLACTSYN-RXN;RXN-6081	ACETOLACTSYN-RXN;RXN-11032;RXN-6081	ACETOLACTSYN-RXN;RXN-11032;RXN-6081
PWY-6829	NA	NA	NA	RXN-12466;RXN-14517	RXN-14517	RXN-14517
PWY0-1315	NA			LACTALDREDUCT-RXN		
PWY-7440	NA	NA	NA	DTDPGLUCOSEPP-RXN;DTDPGLUCDEHYDRAT-RXN	DTDPGLUCOSEPP-RXN;DTDPGLUCDEHYDRAT-RXN	DTDPGLUCOSEPP-RXN;DTDPGLUCDEHYDRAT-RXN
PWY-7347	NA	NA	NA	PGLUCISOM-RXN	PGLUCISOM-RXN	PGLUCISOM-RXN
PWY-6151	NA	NA	NA	S-ADENMETSYN-RXN;HOMOCYSMET-RXN;RIBOSYLHOMOCYSTEINASE-RXN;ADENOSYLHOMOCYSTEINE-NUCLEOSIDASE-RXN	HOMOCYSMET-RXN;RIBOSYLHOMOCYSTEINASE-RXN;ADENOSYLHOMOCYSTEINE-NUCLEOSIDASE-RXN	S-ADENMETSYN-RXN;HOMOCYSMET-RXN;RIBOSYLHOMOCYSTEINASE-RXN;ADENOSYLHOMOCYSTEINE-NUCLEOSIDASE-RXN
PWY-7819	NA	NA	NA	TRANS-RXN-321	UDPGLCNACEPIM-RXN;GLCNACPTRANS-RXN;TRANS-RXN-321	GLCNACPTRANS-RXN;TRANS-RXN-321
PWY-7344	NA	NA	NA	UDPGLUCEPIM-RXN	UDPGLUCEPIM-RXN	UDPGLUCEPIM-RXN
METHIONINE-DEG1-PWY	NA		NA	S-ADENMETSYN-RXN		S-ADENMETSYN-RXN;ADENOSYLHOMOCYSTEINASE-RXN
PWY-7818	NA	NA	NA	2.7.7.40-RXN;2.4.1.157-RXN;RIBITOL-5-PHOSPHATE-2-DEHYDROGENASE-RXN	2.7.7.40-RXN;2.4.1.157-RXN;RXN-18014;CHOLINE-KINASE-RXN	RXN-18014;2.4.1.157-RXN
PWY-2781	NA	NA	NA	RXN0-6274	RXN0-6274	RXN0-6274
PWY-7815	NA	NA	NA	2.7.7.40-RXN;RXN-18029;RIBITOL-5-PHOSPHATE-2-DEHYDROGENASE-RXN	RXN-18014;UDPGLCNACEPIM-RXN;RXN-18029;2.7.7.40-RXN;GLCNACPTRANS-RXN	RXN-18014;RXN-18029;GLCNACPTRANS-RXN
PWY-5707	NA	NA	NA	RXN-8899	RXN-8899;RXN-16190	RXN-8899;RXN-16190
PWY0-1353	NA	NA		SUCCINATE-DEHYDROGENASE-UBIQUINONE-RXN	SUCCINATE-DEHYDROGENASE-UBIQUINONE-RXN;RXN0-5266	
PWY-5316	NA			QUINOLINATE-SYNTHA-RXN;L-ASPARTATE-OXID-RXN;QUINOPRIBOTRANS-RXN		
PWY-6692	NA	NA	NA	NADH-DEHYDROG-A-RXN	NADH-DEHYDROG-A-RXN	NADH-DEHYDROG-A-RXN
PWY-6981	NA	NA	NA	PHOSPHOGLUCMUT-RXN;PGLUCISOM-RXN;PWY0-1182;UDPNACETYLGALSYN-PWY	UDPNACETYLGALSYN-PWY;PGLUCISOM-RXN;PWY0-1182	PHOSPHOGLUCMUT-RXN;PGLUCISOM-RXN;PWY0-1182;UDPNACETYLGALSYN-PWY
PWY-8164	NA	NA	NA	RXN-21566	RXN-21566	RXN-21566
PWY-6973	NA	NA	NA	DTDPGLUCOSEPP-RXN;DTDPGLUCDEHYDRAT-RXN	DTDPGLUCOSEPP-RXN;DTDPGLUCDEHYDRAT-RXN	DTDPGLUCOSEPP-RXN;DTDPGLUCDEHYDRAT-RXN
PWY66-425	NA			2-AMINOADIPATE-AMINOTRANSFERASE-RXN		
PWY-6969	NA	NA	NA	CITSYN-RXN;RXN-14971;ISOCITDEH-RXN;SUCCCOASYN-RXN	RXN-14971;ISOCITDEH-RXN	CITSYN-RXN;ISOCITDEH-RXN
PWY-7219	NA	NA	NA	ADENYLOSUCCINATE-SYNTHASE-RXN;AMPSYN-RXN;ADENYL-KIN-RXN	ADENYLOSUCCINATE-SYNTHASE-RXN;AMPSYN-RXN;ADENYL-KIN-RXN	ADENYLOSUCCINATE-SYNTHASE-RXN;AMPSYN-RXN;ADENYL-KIN-RXN
PWY-7316	NA	NA	NA	DTDPGLUCOSEPP-RXN;DTDPGLUCDEHYDRAT-RXN	DTDPGLUCOSEPP-RXN;DTDPGLUCDEHYDRAT-RXN	DTDPGLUCOSEPP-RXN;DTDPGLUCDEHYDRAT-RXN
DAPLYSINESYN-PWY	NA	NA	NA	TETHYDPICSUCC-RXN;DIAMINOPIMDECARB-RXN;DIHYDRODIPICSYN-RXN;SUCCDIAMINOPIMDESUCC-RXN;ASPARTATE-SEMIALDEHYDE-DEHYDROGENASE-RXN;DIAMINOPIMEPIM-RXN;ASPARTATEKIN-RXN;RXN-14014	DIAMINOPIMDECARB-RXN;DIHYDRODIPICSYN-RXN;ASPARTATE-SEMIALDEHYDE-DEHYDROGENASE-RXN;ASPARTATEKIN-RXN;RXN-14014	DIAMINOPIMDECARB-RXN;DIHYDRODIPICSYN-RXN;ASPARTATE-SEMIALDEHYDE-DEHYDROGENASE-RXN;ASPARTATEKIN-RXN;RXN-14014
PWY-5736	NA			RXN-8941		
PWY66-426	NA			RXN-19038;RXN66-562;RXN66-534		
PWY-8185	NA	NA	NA	BRANCHED-CHAINAMINOTRANSFERLEU-RXN	BRANCHED-CHAINAMINOTRANSFERLEU-RXN	BRANCHED-CHAINAMINOTRANSFERLEU-RXN
PWY1A0-6120	NA	NA	NA	2.3.1.180-RXN	RXN-9658;RXN-9531;RXN-9528;RXN-9514;4.2.1.59-RXN;RXN-9533;RXN-9532;RXN-9655;RXN-9659;RXN-9527;RXN-9518;RXN-9661;RXN-9657;RXN-9523;RXN-9524;2.3.1.180-RXN;RXN-9516;RXN-9520;4.2.1.58-RXN;RXN-9660	RXN-9533;2.3.1.180-RXN;RXN-9655
PWY-8183	NA	NA	NA	BRANCHED-CHAINAMINOTRANSFERVAL-RXN	BRANCHED-CHAINAMINOTRANSFERVAL-RXN	BRANCHED-CHAINAMINOTRANSFERVAL-RXN
PWY-7799	NA	NA	NA	RXN-17874;RXN-17882;RXN-17883;RXN-17881	RXN-17874;RXN-17882;RXN-17883;RXN-17881	RXN-17874;RXN-17882;RXN-17883;RXN-17881
PWY-2201	NA	NA	NA	GCVMULTI-RXN;1.5.1.20-RXN;FORMATETHFLIG-RXN;5-FORMYL-THF-CYCLO-LIGASE-RXN	1.5.1.20-RXN;FORMATETHFLIG-RXN;5-FORMYL-THF-CYCLO-LIGASE-RXN;GLYOHMETRANS-RXN	1.5.1.20-RXN;FORMATETHFLIG-RXN;5-FORMYL-THF-CYCLO-LIGASE-RXN;GLYOHMETRANS-RXN
PWY-7104	NA	NA	NA	DTDPGLUCOSEPP-RXN;DTDPGLUCDEHYDRAT-RXN	DTDPGLUCOSEPP-RXN;DTDPGLUCDEHYDRAT-RXN	DTDPGLUCOSEPP-RXN;DTDPGLUCDEHYDRAT-RXN
PWY-581	NA	NA	NA	TRYPTOPHAN-AMINOTRANSFERASE-RXN	TRYPTOPHAN-AMINOTRANSFERASE-RXN	TRYPTOPHAN-AMINOTRANSFERASE-RXN
SERDEG-PWY	NA	NA	NA	RXN-15127;RXN-15124	RXN-15127;RXN-15124	RXN-15127;RXN-15124
PWY-8135	NA			RXN-17388;CHOLOYLGLYCINE-HYDROLASE-RXN		
PWY-8184	NA	NA	NA	BRANCHED-CHAINAMINOTRANSFERILEU-RXN	BRANCHED-CHAINAMINOTRANSFERILEU-RXN	BRANCHED-CHAINAMINOTRANSFERILEU-RXN
PWY-5154	NA	NA	NA	ARGSUCCINLYA-RXN;ACETYLORNTRANSAM-RXN;ACETYLGLUTKIN-RXN;ARGSUCCINSYN-RXN;N-ACETYLTRANSFER-RXN;N-ACETYLGLUTPREDUCT-RXN;CARBPSYN-RXN	ARGSUCCINLYA-RXN;ACETYLORNTRANSAM-RXN;ACETYLGLUTKIN-RXN;ARGSUCCINSYN-RXN;N-ACETYLTRANSFER-RXN;RXN-7933;N-ACETYLGLUTPREDUCT-RXN;CARBPSYN-RXN	ARGSUCCINLYA-RXN;ACETYLORNTRANSAM-RXN;ACETYLGLUTKIN-RXN;ARGSUCCINSYN-RXN;N-ACETYLTRANSFER-RXN;RXN-7933;N-ACETYLGLUTPREDUCT-RXN;CARBPSYN-RXN
PWY-7238	NA	NA	NA	PHOSPHOGLUCMUT-RXN;RXN-14354;PGLUCISOM-RXN;GLUCOKIN-RXN	RXN-14354;PGLUCISOM-RXN;GLUC1PURIDYLTRANS-RXN;GLUCOKIN-RXN	PHOSPHOGLUCMUT-RXN;PGLUCISOM-RXN;GLUC1PURIDYLTRANS-RXN;RXN-14354;GLUCOKIN-RXN
PWY-7767	NA	NA	NA	BRANCHED-CHAINAMINOTRANSFERLEU-RXN	BRANCHED-CHAINAMINOTRANSFERLEU-RXN	BRANCHED-CHAINAMINOTRANSFERLEU-RXN
PWY-6386	NA	NA	NA	GLUTRACE-RXN;UDPNACETYLMURAMATEDEHYDROG-RXN;UDPNACETYLGLUCOSAMENOLPYRTRANS-RXN;6.3.2.7-RXN;UDP-NACMURALA-GLU-LIG-RXN;DALADALALIG-RXN;6.3.2.10-RXN;UDP-NACMUR-ALA-LIG-RXN	GLUTRACE-RXN;UDPNACETYLMURAMATEDEHYDROG-RXN;UDPNACETYLGLUCOSAMENOLPYRTRANS-RXN;6.3.2.7-RXN;UDP-NACMURALA-GLU-LIG-RXN;DALADALALIG-RXN;6.3.2.10-RXN;UDP-NACMUR-ALA-LIG-RXN	GLUTRACE-RXN;UDPNACETYLMURAMATEDEHYDROG-RXN;UDPNACETYLGLUCOSAMENOLPYRTRANS-RXN;6.3.2.7-RXN;UDP-NACMURALA-GLU-LIG-RXN;6.3.2.10-RXN;UDP-NACMUR-ALA-LIG-RXN
PWY-8318	NA			L-FUCONATE-HYDRATASE-RXN		
DETOX1-PWY-1	NA	NA	NA	RXN-12540	DETOX1-PWY;SUPEROX-DISMUT-RXN;RXN-12540	DETOX1-PWY;SUPEROX-DISMUT-RXN;RXN-12540
PWY-5785	NA	NA	NA	UNDECAPRENYL-DIPHOSPHATASE-RXN	RXN-8999;UNDECAPRENYL-DIPHOSPHATASE-RXN	RXN-8999;UNDECAPRENYL-DIPHOSPHATASE-RXN
PWY-5067	NA	NA		RXN-7669	RXN-7669	
PWY-8303	NA	NA	NA	GCVMULTI-RXN;ACETATEKIN-RXN;FORMATETHFLIG-RXN	PYRUFLAVREDUCT-RXN;ACETATEKIN-RXN;FORMATETHFLIG-RXN	ACETATEKIN-RXN;FORMATETHFLIG-RXN
PYRIDNUCSAL-PWY	NA	NA	NA	NADPYROPHOSPHAT-RXN;NICOTINATEPRIBOSYLTRANS-RXN;NICONUCADENYLYLTRAN-RXN;NICOTINAMID-RXN;NAD-SYNTH-GLN-RXN	NADPYROPHOSPHAT-RXN;NAD-SYNTH-NH3-RXN;NICOTINATEPRIBOSYLTRANS-RXN;NICONUCADENYLYLTRAN-RXN;NICOTINAMID-RXN;NAD-SYNTH-GLN-RXN	NAD-SYNTH-NH3-RXN;NICONUCADENYLYLTRAN-RXN;NAD-SYNTH-GLN-RXN;NICOTINATEPRIBOSYLTRANS-RXN
PWY-8280	NA	NA		RXN-16380;RXN-9632;RXN-9633	RXN-16380;RXN-9634;RXN-9633	
PWY-6550	NA	NA	NA	RXN-7282;RXN-11543	RXN-7282	RXN-7282
UDPNAGSYN-PWY	NA	NA	NA	PGLUCISOM-RXN;L-GLN-FRUCT-6-P-AMINOTRANS-RXN;5.4.2.10-RXN	PGLUCISOM-RXN;L-GLN-FRUCT-6-P-AMINOTRANS-RXN;5.4.2.10-RXN	PGLUCISOM-RXN;L-GLN-FRUCT-6-P-AMINOTRANS-RXN;5.4.2.10-RXN
P161-PWY	NA	NA	NA	ACETATEKIN-RXN;PHOSACETYLTRANS-RXN;ALCOHOL-DEHYDROG-RXN	ACETATEKIN-RXN;PHOSACETYLTRANS-RXN;ALCOHOL-DEHYDROG-RXN	ACETATEKIN-RXN;PHOSACETYLTRANS-RXN;ALCOHOL-DEHYDROG-RXN
PWY0-1576	NA	NA		R601-RXN	R601-RXN	
PWY-1861	NA	NA	NA	F16ALDOLASE-RXN;1TRANSKETO-RXN;TRANSALDOL-RXN;RIBULP3EPIM-RXN;RIB5PISOM-RXN;R12-RXN;2TRANSKETO-RXN	6PFRUCTPHOS-RXN;F16ALDOLASE-RXN;1TRANSKETO-RXN;RIBULP3EPIM-RXN;RIB5PISOM-RXN;2TRANSKETO-RXN	6PFRUCTPHOS-RXN;1TRANSKETO-RXN;RIBULP3EPIM-RXN;RIB5PISOM-RXN;2TRANSKETO-RXN
PWY-5659	NA	NA	NA	PGLUCISOM-RXN	MANNPISOM-RXN;PGLUCISOM-RXN	MANNPISOM-RXN;PGLUCISOM-RXN
CITRULLINE-DEG-PWY	NA	NA	NA	ORNCARBAMTRANSFER-RXN;RXN0-5222	ORNCARBAMTRANSFER-RXN;RXN0-5222	ORNCARBAMTRANSFER-RXN;RXN0-5222
CODH-PWY	NA	NA	NA	FORMATETHFLIG-RXN	FORMATETHFLIG-RXN	FORMATETHFLIG-RXN
PWY-7315	NA	NA	NA	DTDPGLUCOSEPP-RXN;DTDPGLUCDEHYDRAT-RXN	DTDPGLUCOSEPP-RXN;DTDPGLUCDEHYDRAT-RXN;TDPFUCACTRANS-RXN	DTDPGLUCOSEPP-RXN;DTDPGLUCDEHYDRAT-RXN
PWY-5631	NA			5.1.1.17-RXN		
PWY-5913	NA	NA	NA	PEPCARBOX-RXN;CITSYN-RXN;RXN-14971;ISOCITDEH-RXN	RXN-14971;ISOCITDEH-RXN	PEPCARBOX-RXN;CITSYN-RXN;ISOCITDEH-RXN
PWY-5895	NA	NA		RXN-9365	RXN-9365	
PWY-6383	NA	NA	NA	RXN-11023	IPPISOM-RXN;GPPSYN-RXN	GPPSYN-RXN
PWY-5891	NA	NA		RXN-9359	RXN-9359	
NADPHOS-DEPHOS-PWY-1	NA	NA	NA	TRANS-RXN0-277;NAD-KIN-RXN	NAD-KIN-RXN	NAD-KIN-RXN
PWY-6549	NA	NA	NA	PEPCARBOX-RXN;CITSYN-RXN;ISOCITDEH-RXN	ISOCITDEH-RXN	PEPCARBOX-RXN;CITSYN-RXN;ISOCITDEH-RXN
PWY-6122	NA	NA	NA	AIRS-RXN;GLYRIBONUCSYN-RXN;FGAMSYN-RXN;PRPPAMIDOTRANS-RXN	AIRS-RXN;GLYRIBONUCSYN-RXN;FGAMSYN-RXN;PRPPAMIDOTRANS-RXN	AIRS-RXN;GLYRIBONUCSYN-RXN;FGAMSYN-RXN;PRPPAMIDOTRANS-RXN
PWY0-1336	NA	NA		R601-RXN	R601-RXN	
PWY0-1264	NA	NA	NA	BIOTINLIG-RXN;RXN-7101	BIOTINLIG-RXN;BIOTIN-CARBOXYL-RXN;RXN0-5055;RXN-7101	BIOTINLIG-RXN;BIOTIN-CARBOXYL-RXN;RXN0-5055;RXN-7101
PWY-6124	NA	NA	NA	AICARSYN-RXN;SAICARSYN-RXN	AICARSYN-RXN;SAICARSYN-RXN	AICARSYN-RXN;SAICARSYN-RXN
PWY-7614	NA	NA	NA	RXN-8899	RXN-16201;RXN-8899	RXN-16201;RXN-8899
PWY-7514	NA	NA	NA	TYROSINE-AMINOTRANSFERASE-RXN	TYROSINE-AMINOTRANSFERASE-RXN	TYROSINE-AMINOTRANSFERASE-RXN
PWY-3781	NA	NA	NA	SUCCINATE-DEHYDROGENASE-UBIQUINONE-RXN;NADH-DEHYDROG-A-RXN	SUCCINATE-DEHYDROGENASE-UBIQUINONE-RXN;NADH-DEHYDROG-A-RXN	NADH-DEHYDROG-A-RXN
PWY-6788	NA			RXN-2043		
PWY-7187	NA	NA	NA	THYMIDYLATESYN-RXN;DCTP-DEAM-RXN;DUTP-PYROP-RXN;RXN0-723;DTMPKI-RXN;RXN0-724	THYMIDYLATESYN-RXN;DUTP-PYROP-RXN;RXN0-723;DTMPKI-RXN;RXN0-724	THYMIDYLATESYN-RXN;DUTP-PYROP-RXN;RXN0-723;DTMPKI-RXN;DTDPKIN-RXN;RXN0-724
PWY-8213	NA			RXN-15296		
PWY-4841	NA	NA		RXN-14693	RXN-14693	
PWY3O-4107	NA	NA	NA	NICOTINATEPRIBOSYLTRANS-RXN;RXN-15025;NICONUCADENYLYLTRAN-RXN;NICOTINAMID-RXN;NAD-SYNTH-GLN-RXN	NICONUCADENYLYLTRAN-RXN;NICOTINAMID-RXN;NAD-SYNTH-GLN-RXN;NICOTINATEPRIBOSYLTRANS-RXN	NICONUCADENYLYLTRAN-RXN;NAD-SYNTH-GLN-RXN;NICOTINATEPRIBOSYLTRANS-RXN
PWY-6348	NA			ACID-PHOSPHATASE-RXN		
PWY-5686	NA	NA	NA	DIHYDROOROTATE-DEHYDROGENASE-RXN;OROPRIBTRANS-RXN;ASPCARBTRANS-RXN;DIHYDROOROT-RXN;OROTPDECARB-RXN;CARBPSYN-RXN	OROPRIBTRANS-RXN;ASPCARBTRANS-RXN;DIHYDROOROT-RXN;OROTPDECARB-RXN;CARBPSYN-RXN	CARBPSYN-RXN;ASPCARBTRANS-RXN
PWY-8342	NA	NA	NA	PANTEPADENYLYLTRAN-RXN	PANTEPADENYLYLTRAN-RXN	PANTEPADENYLYLTRAN-RXN
PWY-2942	NA	NA	NA	DIAMINOPIMDECARB-RXN;DIHYDRODIPICSYN-RXN;ASPARTATE-SEMIALDEHYDE-DEHYDROGENASE-RXN;RXN-4821;ASPARTATEKIN-RXN;RXN-14014	DIAMINOPIMDECARB-RXN;DIHYDRODIPICSYN-RXN;ASPARTATE-SEMIALDEHYDE-DEHYDROGENASE-RXN;RXN-4821;ASPARTATEKIN-RXN;RXN-14014	DIAMINOPIMDECARB-RXN;DIHYDRODIPICSYN-RXN;ASPARTATE-SEMIALDEHYDE-DEHYDROGENASE-RXN;RXN-4821;ASPARTATEKIN-RXN;RXN-14014
PWY-6735	NA			CYCLOMALTODEXTRINASE-RXN		
NONMEVIPP-PWY	NA	NA	NA	2.7.1.148-RXN;RXN0-884;RXN-15878;RXN0-302;DXPREDISOM-RXN;ISPH2-RXN;DXS-RXN	DXS-RXN;IPPISOM-RXN	2.7.1.148-RXN
PWY-7560	NA	NA	NA	2.7.1.148-RXN;RXN0-884;RXN0-302;DXPREDISOM-RXN;ISPH2-RXN;DXS-RXN	DXS-RXN;IPPISOM-RXN	2.7.1.148-RXN
PWY-6707	NA	NA	NA	3-DEHYDROQUINATE-DEHYDRATASE-RXN	3-DEHYDROQUINATE-DEHYDRATASE-RXN	3-DEHYDROQUINATE-DEHYDRATASE-RXN
PWY3DJ-35471	NA	NA		RXN-14693	RXN-14693	
PWY-6609	NA	NA	NA	HYPOXANPRIBOSYLTRAN-RXN	HYPOXANPRIBOSYLTRAN-RXN;INOPHOSPHOR-RXN;ADENPHOSPHOR-RXN;ADENODEAMIN-RXN	HYPOXANPRIBOSYLTRAN-RXN;INOPHOSPHOR-RXN;ADENPHOSPHOR-RXN;ADENODEAMIN-RXN
PWY-7688	NA	NA	NA	DTDPGLUCOSEPP-RXN;DTDPGLUCDEHYDRAT-RXN	DTDPGLUCOSEPP-RXN;DTDPGLUCDEHYDRAT-RXN	DTDPGLUCOSEPP-RXN;DTDPGLUCDEHYDRAT-RXN
ALADEG-PWY	NA	NA	NA	ALARACECAT-RXN	ALARACECAT-RXN	ALARACECAT-RXN
PWY0-1587	NA	NA	NA	RXN-14570;RXN-14569	RXN-14570;RXN-14569	RXN-14570;RXN-14569
PWY-5653	NA	NA	NA	RXN-5721;NICONUCADENYLYLTRAN-RXN;QUINOPRIBOTRANS-RXN;NAD-SYNTH-GLN-RXN	NICONUCADENYLYLTRAN-RXN;RXN-5721;NAD-SYNTH-GLN-RXN	NICONUCADENYLYLTRAN-RXN;RXN-5721;NAD-SYNTH-GLN-RXN
PWY-8165	NA	NA	NA	RXN-21560	RXN-21560	RXN-21560
PWY-7807	NA	NA	NA	INORGPYROPHOSPHAT-RXN;ADENPRIBOSYLTRAN-RXN	INORGPYROPHOSPHAT-RXN;ADENPRIBOSYLTRAN-RXN	INORGPYROPHOSPHAT-RXN;ADENPRIBOSYLTRAN-RXN
PWY-5723	NA	NA	NA	2PGADEHYDRAT-RXN;PEPDEPHOS-RXN;1TRANSKETO-RXN;TRANSALDOL-RXN;RIBULP3EPIM-RXN;RIB5PISOM-RXN;2TRANSKETO-RXN	2PGADEHYDRAT-RXN;PEPDEPHOS-RXN;1TRANSKETO-RXN;RIBULP3EPIM-RXN;RIB5PISOM-RXN;2TRANSKETO-RXN	2PGADEHYDRAT-RXN;PEPDEPHOS-RXN;1TRANSKETO-RXN;RIBULP3EPIM-RXN;RIB5PISOM-RXN;2TRANSKETO-RXN
PWY-5525	NA	NA		RXN-14693	RXN-14693	
PWY1YI0-8	NA	NA		RXN1YI0-14	RXN1YI0-14	
PWY-7210	NA	NA	NA	DTMPKI-RXN;CDPREDUCT-RXN;THYMIDYLATESYN-RXN	DTMPKI-RXN;CDPREDUCT-RXN;RXN-12195;THYMIDYLATESYN-RXN	THYMIDYLATESYN-RXN;CDPREDUCT-RXN;DCDPKIN-RXN;DTMPKI-RXN;DTDPKIN-RXN
HISTSYN-PWY	NA	NA	NA	GLUTAMIDOTRANS-RXN;ATPPHOSPHORIBOSYLTRANS-RXN;HISTCYCLOHYD-RXN;HISTIDPHOS-RXN;IMIDPHOSDEHYD-RXN;HISTAMINOTRANS-RXN;PRIBFAICARPISOM-RXN;HISTPRATPHYD-RXN	GLUTAMIDOTRANS-RXN;ATPPHOSPHORIBOSYLTRANS-RXN;HISTCYCLOHYD-RXN;HISTIDPHOS-RXN;IMIDPHOSDEHYD-RXN;HISTAMINOTRANS-RXN;PRIBFAICARPISOM-RXN	GLUTAMIDOTRANS-RXN;ATPPHOSPHORIBOSYLTRANS-RXN;HISTCYCLOHYD-RXN;HISTIDPHOS-RXN;IMIDPHOSDEHYD-RXN;HISTAMINOTRANS-RXN;PRIBFAICARPISOM-RXN;HISTPRATPHYD-RXN
PWY-6842	NA	NA	NA	RXN-6763	RXN-6763	RXN-6763
PWY-8088	NA	NA	NA	ASPARTATE-SEMIALDEHYDE-DEHYDROGENASE-RXN;DIHYDRODIPICSYN-RXN;ASPARTATEKIN-RXN	ASPARTATE-SEMIALDEHYDE-DEHYDROGENASE-RXN;DIHYDRODIPICSYN-RXN;ASPARTATEKIN-RXN	ASPARTATE-SEMIALDEHYDE-DEHYDROGENASE-RXN;DIHYDRODIPICSYN-RXN;ASPARTATEKIN-RXN
PWY-8072	NA	NA	NA	ALARACECAT-RXN	ALARACECAT-RXN	ALARACECAT-RXN
PWY-7822	NA	NA		RXN-12309;RXN-12625;3.2.1.14-RXN	RXN-12309;RXN-12625;3.2.1.14-RXN	
THIOREDOX-PWY	NA	NA	NA	THIOREDOXIN-REDUCT-NADPH-RXN	THIOREDOXIN-REDUCT-NADPH-RXN	THIOREDOXIN-REDUCT-NADPH-RXN
XYLCAT-PWY	NA	NA		XYLULOKIN-RXN	XYLISOM-RXN;XYLULOKIN-RXN	
PWY0-901	NA	NA	NA	RXN0-2161	RXN0-2161	RXN0-2161
LYSINE-DEG1-PWY	NA			2-AMINOADIPATE-AMINOTRANSFERASE-RXN		
PWY-8289	NA	NA	NA	RXN-22497;RXN-22498	RXN-22497;RXN-22498	RXN-22497;RXN-22498
PWY-6942	NA	NA	NA	DTDPGLUCOSEPP-RXN;DTDPGLUCDEHYDRAT-RXN	DTDPGLUCOSEPP-RXN;DTDPGLUCDEHYDRAT-RXN	DTDPGLUCOSEPP-RXN;DTDPGLUCDEHYDRAT-RXN
PWY-6902	NA	NA		RXN-12626;RXN-12625;3.2.1.14-RXN	RXN-12626;RXN-12625;3.2.1.14-RXN	
PWY-5265	NA	NA	NA	PWY-6386;RXN-11291;RXN-8975;RXN-8976;RXN-22558	PWY-6386;RXN-8976;RXN-8975	PWY-6386;RXN-8976;RXN-8975;PWY-6459
PWY-7285	NA	NA	NA	RXN-14517	RXN-14517	RXN-14517
PWY66-162	NA			RXN66-3		
PWY-6661	NA	NA	NA	ANTHRANSYN-RXN	ANTHRANSYN-RXN	ANTHRANSYN-RXN
PWY-5886	NA	NA	NA	TYROSINE-AMINOTRANSFERASE-RXN	TYROSINE-AMINOTRANSFERASE-RXN	TYROSINE-AMINOTRANSFERASE-RXN
PWY-5938	NA	NA	NA	ACETOLACTSYN-RXN;RXN-6081	ACETOLACTSYN-RXN;RXN-6081	ACETOLACTSYN-RXN;RXN-6081
PWY-3841	NA	NA	NA	DIHYDROFOLATEREDUCT-RXN;5-FORMYL-THF-CYCLO-LIGASE-RXN;THYMIDYLATESYN-RXN;GCVMULTI-RXN;FORMATETHFLIG-RXN	DIHYDROFOLATEREDUCT-RXN;5-FORMYL-THF-CYCLO-LIGASE-RXN;THYMIDYLATESYN-RXN;FORMATETHFLIG-RXN;GLYOHMETRANS-RXN	DIHYDROFOLATEREDUCT-RXN;5-FORMYL-THF-CYCLO-LIGASE-RXN;THYMIDYLATESYN-RXN;FORMATETHFLIG-RXN;GLYOHMETRANS-RXN
PWY-5381	NA	NA	NA	NADPYROPHOSPHAT-RXN;NICOTINATEPRIBOSYLTRANS-RXN;RXN-5841;NICONUCADENYLYLTRAN-RXN;NICOTINAMID-RXN;NAD-SYNTH-GLN-RXN	NADPYROPHOSPHAT-RXN;NICOTINATEPRIBOSYLTRANS-RXN;NICONUCADENYLYLTRAN-RXN;NICOTINAMID-RXN;NAD-SYNTH-GLN-RXN	RXN-5841;NICONUCADENYLYLTRAN-RXN;NAD-SYNTH-GLN-RXN;NICOTINATEPRIBOSYLTRANS-RXN
PWY-6749	NA	NA	NA	L-GLN-FRUCT-6-P-AMINOTRANS-RXN;5.4.2.10-RXN	L-GLN-FRUCT-6-P-AMINOTRANS-RXN;5.4.2.10-RXN	L-GLN-FRUCT-6-P-AMINOTRANS-RXN;5.4.2.10-RXN
PWY-1281	NA	NA	NA	PHOSACETYLTRANS-RXN	PHOSACETYLTRANS-RXN	PHOSACETYLTRANS-RXN
PWY-7286	NA	NA	NA	RXN-14517	RXN-14517	RXN-14517
PWY0-1477	NA	NA	NA	ACETATEKIN-RXN;PHOSACETYLTRANS-RXN;ALCOHOL-DEHYDROG-RXN	ACETATEKIN-RXN;PHOSACETYLTRANS-RXN;ALCOHOL-DEHYDROG-RXN	ACETATEKIN-RXN;PHOSACETYLTRANS-RXN;ALCOHOL-DEHYDROG-RXN
PWY-5940	NA		NA	PHOSPHOGLUCMUT-RXN		PHOSPHOGLUCMUT-RXN
PWY-5708	NA	NA	NA	RXN-8899	RXN-8899	RXN-8899
PWY-7382	NA			RXN-13037		
SOPHOROSYLOXYDOCOSANOATE-DEG-PWY	NA			DIGLUCODIACETYL-DOCOSANOATE-LYSIS-RXN;DIGLUCOACETYL-DOCOSANOATE-HYDROLYSIS-RXN		
PWY-5493	NA	NA	NA	PYRUVFORMLY-RXN	PYRUFLAVREDUCT-RXN;PYRUVFORMLY-RXN	PYRUVFORMLY-RXN
PWY0-1329	NA	NA		SUCCINATE-DEHYDROGENASE-UBIQUINONE-RXN	SUCCINATE-DEHYDROGENASE-UBIQUINONE-RXN	
PWY-8187	NA	NA	NA	SPONTPRO-RXN;ORNCARBAMTRANSFER-RXN;PYRROLINECARBREDUCT-RXN	SPONTPRO-RXN;ORNCARBAMTRANSFER-RXN;ARGININE-DEIMINASE-RXN;PYRROLINECARBREDUCT-RXN	SPONTPRO-RXN;ORNCARBAMTRANSFER-RXN;PYRROLINECARBREDUCT-RXN
PWY-7204	NA	NA	NA	PYRAMKIN-RXN;PNKIN-RXN;PYRIDOXKIN-RXN	PYRAMKIN-RXN;PNKIN-RXN;PYRIDOXKIN-RXN	PYRAMKIN-RXN;PNKIN-RXN;PYRIDOXKIN-RXN
NPGLUCAT-PWY	NA	NA	NA	GLUCONOLACT-RXN;2PGADEHYDRAT-RXN;PEPDEPHOS-RXN	PYRUFLAVREDUCT-RXN;GLUCONOLACT-RXN;2PGADEHYDRAT-RXN;PEPDEPHOS-RXN;GKI-RXN	GLUCONOLACT-RXN;GKI-RXN;2PGADEHYDRAT-RXN;PEPDEPHOS-RXN
PWY-6933	NA	NA		RXN-11063;RXN-11042	RXN-11063;RXN-11042	
PLPSAL-PWY	NA	NA	NA	PYRAMKIN-RXN;PNKIN-RXN;PYRIDOXKIN-RXN	PYRAMKIN-RXN;PNKIN-RXN;PYRIDOXKIN-RXN	PYRAMKIN-RXN;PNKIN-RXN;PYRIDOXKIN-RXN
PWY-6873	NA	NA		RXN-7904	RXN-7904	
PWY-6906	NA	NA	NA	GLUCOSAMINE-6-P-DEAMIN-RXN;N-ACETYLGLUCOSAMINE-KINASE-RXN;NAG6PDEACET-RXN	GLUCOSAMINE-6-P-DEAMIN-RXN;NAG6PDEACET-RXN	GLUCOSAMINE-6-P-DEAMIN-RXN
PWY-6507	NA	NA		DEOXYGLUCONOKIN-RXN	DEOXYGLUCONOKIN-RXN;KDPGALDOL-RXN	
GLYCOCAT-PWY	NA	NA	NA	PHOSPHOGLUCMUT-RXN;GLYCOPHOSPHORYL-RXN;AMYLOMALT-RXN;GLUCOKIN-RXN	GLYCOPHOSPHORYL-RXN;AMYLOMALT-RXN;GLUCOKIN-RXN	PHOSPHOGLUCMUT-RXN;GLYCOPHOSPHORYL-RXN;AMYLOMALT-RXN;GLUCOKIN-RXN
PWY-6823	NA	NA	NA	RXN-22698	RXN-22698	RXN-22698
PWY-8040	NA	NA	NA	ALARACECAT-RXN	ALARACECAT-RXN;RXN-18014	ALARACECAT-RXN;RXN-18014
PWY-7962	NA	NA	NA	R345-RXN	R345-RXN	R345-RXN
PWY-5514	NA	NA	NA	GLUCOSAMINE-6-P-DEAMIN-RXN;PGLUCISOM-RXN;GLUCOKIN-RXN	GLUCOSAMINE-6-P-DEAMIN-RXN;PGLUCISOM-RXN;UDP-N-ACETYLGLUCOSAMINE-4-EPIMERASE-RXN;GLUCOKIN-RXN	GLUCOSAMINE-6-P-DEAMIN-RXN;PGLUCISOM-RXN;GLUCOKIN-RXN
CALVIN-PWY	NA	NA	NA	SEDOBISALDOL-RXN;F16ALDOLASE-RXN;1TRANSKETO-RXN;RIBULP3EPIM-RXN;RIB5PISOM-RXN;2TRANSKETO-RXN;PHOSGLYPHOS-RXN;TRIOSEPISOMERIZATION-RXN	SEDOBISALDOL-RXN;F16ALDOLASE-RXN;F16BDEPHOS-RXN;1TRANSKETO-RXN;RIBULP3EPIM-RXN;RIB5PISOM-RXN;2TRANSKETO-RXN;PHOSGLYPHOS-RXN;TRIOSEPISOMERIZATION-RXN	F16BDEPHOS-RXN;1TRANSKETO-RXN;RIBULP3EPIM-RXN;RIB5PISOM-RXN;2TRANSKETO-RXN;TRIOSEPISOMERIZATION-RXN
PWY-5706	NA	NA	NA	RXN-8899	RXN-16194;RXN-8899	RXN-16194;RXN-8899
PWY-6559	NA	NA	NA	ASPARTATE-SEMIALDEHYDE-DEHYDROGENASE-RXN;ASPARTATEKIN-RXN	ASPARTATE-SEMIALDEHYDE-DEHYDROGENASE-RXN;ASPARTATEKIN-RXN	ASPARTATE-SEMIALDEHYDE-DEHYDROGENASE-RXN;ASPARTATEKIN-RXN
PWY-7796	NA			R12-RXN		
PWY0-1312	NA	NA	NA	ACETATEKIN-RXN;PHOSACETYLTRANS-RXN	ACETATEKIN-RXN;PHOSACETYLTRANS-RXN	ACETATEKIN-RXN;PHOSACETYLTRANS-RXN
PWY-8264	NA	NA	NA	RXN-22326	RXN-21019;RXN-22326;RXN-22365;RXN-22366;RXN-982	RXN-22326
UDPNACETYLGALSYN-PWY	NA	NA	NA	PGLUCISOM-RXN;L-GLN-FRUCT-6-P-AMINOTRANS-RXN;GLUCOKIN-RXN	PGLUCISOM-RXN;L-GLN-FRUCT-6-P-AMINOTRANS-RXN;GLUCOKIN-RXN	PGLUCISOM-RXN;L-GLN-FRUCT-6-P-AMINOTRANS-RXN;GLUCOKIN-RXN
HOMOSER-THRESYN-PWY	NA	NA	NA	HOMOSERKIN-RXN;THRESYN-RXN	HOMOSERKIN-RXN;THRESYN-RXN	HOMOSERKIN-RXN;THRESYN-RXN
PWY-8043	NA			RXN-20400		
PWY66-428	NA	NA	NA	THREDEHYD-RXN	THREDEHYD-RXN	THREDEHYD-RXN
PWY-6974	NA	NA	NA	DTDPGLUCOSEPP-RXN;DTDPGLUCDEHYDRAT-RXN	DTDPGLUCOSEPP-RXN;DTDPGLUCDEHYDRAT-RXN	DTDPGLUCOSEPP-RXN;DTDPGLUCDEHYDRAT-RXN
PWY-8010	NA	NA	NA	PSERTRANSAM-RXN;PGLYCDEHYDROG-RXN	PSERTRANSAM-RXN;PGLYCDEHYDROG-RXN	PSERTRANSAM-RXN
PWY-7791	NA	NA	NA	OROPRIBTRANS-RXN;ASPCARBTRANS-RXN;DIHYDROOROT-RXN;OROTPDECARB-RXN;CARBPSYN-RXN;OROTATE-REDUCTASE-NADH-RXN	OROPRIBTRANS-RXN;ASPCARBTRANS-RXN;DIHYDROOROT-RXN;OROTPDECARB-RXN;CARBPSYN-RXN;OROTATE-REDUCTASE-NADH-RXN	CARBPSYN-RXN;OROTATE-REDUCTASE-NADH-RXN;ASPCARBTRANS-RXN
P108-PWY	NA	NA		R601-RXN	R601-RXN	
PWY-8277	NA	NA	NA	QUINOPRIBOTRANS-RXN;RXN-9772;QUINOLINATE-SYNTHA-RXN;NICONUCADENYLYLTRAN-RXN;NAD-SYNTH-GLN-RXN	NAD-SYNTH-NH3-RXN;NICONUCADENYLYLTRAN-RXN;NAD-SYNTH-GLN-RXN	NAD-SYNTH-NH3-RXN;NICONUCADENYLYLTRAN-RXN;NAD-SYNTH-GLN-RXN
PWY66-398	NA	NA	NA	CITSYN-RXN;SUCCINATE-DEHYDROGENASE-UBIQUINONE-RXN;SUCCCOASYN-RXN	SUCCINATE-DEHYDROGENASE-UBIQUINONE-RXN	CITSYN-RXN
PWY0-1391	NA	NA	NA	METHYLTHIOADENOSINE-NUCLEOSIDASE-RXN	METHYLTHIOADENOSINE-NUCLEOSIDASE-RXN	METHYLTHIOADENOSINE-NUCLEOSIDASE-RXN
PWY-6607	NA		NA	RXN-7609		RXN-7609
PWY1YI0-2	NA	NA		RXN1YI0-14	RXN1YI0-14	
PWY-5188	NA	NA		GLURS-RXN	GLURS-RXN	
PWY-5872	NA			RXN-9106		
PWY-7176	NA	NA	NA	CTPSYN-RXN;RXN-12002	CTPSYN-RXN;RXN-12002	UDPKIN-RXN;CTPSYN-RXN;RXN-12002
GLUTORN-PWY	NA	NA	NA	ACETYLGLUTKIN-RXN;N-ACETYLGLUTPREDUCT-RXN;N-ACETYLTRANSFER-RXN;ACETYLORNTRANSAM-RXN	ACETYLORNTRANSAM-RXN;ACETYLGLUTKIN-RXN;ACETYLORNDEACET-RXN;N-ACETYLTRANSFER-RXN;N-ACETYLGLUTPREDUCT-RXN	ACETYLORNTRANSAM-RXN;ACETYLGLUTKIN-RXN;ACETYLORNDEACET-RXN;N-ACETYLTRANSFER-RXN;N-ACETYLGLUTPREDUCT-RXN
PWY-7247	NA	NA		GLUCUROISOM-RXN;RXN-14693;BETA-GLUCURONID-RXN	GLUCUROISOM-RXN;RXN-14693	
PWY-5041	NA	NA	NA	S-ADENMETSYN-RXN;HOMOCYSMET-RXN	HOMOCYSMET-RXN	S-ADENMETSYN-RXN;HOMOCYSMET-RXN;ADENOSYLHOMOCYSTEINASE-RXN
PWY-8139	NA		NA	PHOSPHOGLUCMUT-RXN		PHOSPHOGLUCMUT-RXN
PWY-5486	NA	NA	NA	ALCOHOL-DEHYDROG-RXN	ALCOHOL-DEHYDROG-RXN	ALCOHOL-DEHYDROG-RXN
PWY-7222	NA	NA	NA	GDPREDUCT-RXN;RXN0-746;RXN0-748	GDPREDUCT-RXN;RXN0-746;RXN0-748	DGDPKIN-RXN;GDPREDUCT-RXN;RXN0-746;RXN0-748
PWY-7446	NA			RXN-15296;RXN-15297		
TRPKYNCAT-PWY	NA	NA	NA	TRYPTOPHAN-AMINOTRANSFERASE-RXN	TRYPTOPHAN-AMINOTRANSFERASE-RXN	TRYPTOPHAN-AMINOTRANSFERASE-RXN
P122-PWY	NA	NA	NA	PHOSPHOKETOLASE-RXN;2PGADEHYDRAT-RXN;PEPDEPHOS-RXN;6PGLUCONOLACT-RXN;PGLUCISOM-RXN;GAPOXNPHOSPHN-RXN;L-LACTATE-DEHYDROGENASE-RXN;PHOSACETYLTRANS-RXN;RIBULP3EPIM-RXN;ALCOHOL-DEHYDROG-RXN;RXN-15513;PHOSGLYPHOS-RXN;GLU6PDEHYDROG-RXN;GLUCOKIN-RXN	GLUCOKIN-RXN;PHOSPHOKETOLASE-RXN;2PGADEHYDRAT-RXN;PEPDEPHOS-RXN;6PGLUCONOLACT-RXN;PGLUCISOM-RXN;GAPOXNPHOSPHN-RXN;L-LACTATE-DEHYDROGENASE-RXN;FRUCTOKINASE-RXN;PHOSACETYLTRANS-RXN;RIBULP3EPIM-RXN;ALCOHOL-DEHYDROG-RXN;RXN-15513;PHOSGLYPHOS-RXN;GLU6PDEHYDROG-RXN;DLACTDEHYDROGNAD-RXN	2PGADEHYDRAT-RXN;PEPDEPHOS-RXN;PGLUCISOM-RXN;L-LACTATE-DEHYDROGENASE-RXN;FRUCTOKINASE-RXN;RIBULP3EPIM-RXN;ALCOHOL-DEHYDROG-RXN;RXN-15513;PHOSACETYLTRANS-RXN;GLUCOKIN-RXN
PWY-7893	NA			RXN-16706;RXN-16707		
CYANCAT-PWY	NA	NA	NA	RXN0-5224;RXN0-5222	RXN0-5222	RXN0-5224;RXN0-5222
PWY-8148	NA	NA	NA	NAD-KIN-RXN	NAD-KIN-RXN	NAD-KIN-RXN
GLYCOLYSIS-E-D	NA	NA		6PGLUCONOLACT-RXN;GLYCOLYSIS;GLU6PDEHYDROG-RXN	ENTNER-DOUDOROFF-PWY;6PGLUCONOLACT-RXN;GLYCOLYSIS;GLU6PDEHYDROG-RXN	
PWY-7927	NA	NA	NA	RXN-19040	RXN-19040	RXN-19040
PWY-8189	NA	NA	NA	ALANINE-AMINOTRANSFERASE-RXN	PYRUFLAVREDUCT-RXN;ALANINE-AMINOTRANSFERASE-RXN	ALANINE-AMINOTRANSFERASE-RXN
PANTO-PWY	NA	NA	NA	PANTOTHENATE-KIN-RXN	PANTOTHENATE-KIN-RXN;2-DEHYDROPANTOATE-REDUCT-RXN	2-DEHYDROPANTOATE-REDUCT-RXN
PWY-5989	NA	NA		RXN-16380;RXN-9632;RXN-9633	RXN-16380;RXN-9634;RXN-9633	
PWY-181	NA	NA	NA	GCVMULTI-RXN;GLY3KIN-RXN;GLYCERATE-DEHYDROGENASE-RXN	GLYCERATE-DEHYDROGENASE-RXN;GPH-RXN;GLYOHMETRANS-RXN	GLYCERATE-DEHYDROGENASE-RXN;GLY3KIN-RXN;GLYOHMETRANS-RXN;GPH-RXN
PWY-5530	NA	NA	NA	GLUCONOKIN-RXN;GLUCONOLACT-RXN	GLUCONOLACT-RXN	GLUCONOLACT-RXN
PWY-1042	NA	NA	NA	2PGADEHYDRAT-RXN;PEPDEPHOS-RXN;F16ALDOLASE-RXN;GAPOXNPHOSPHN-RXN;PHOSGLYPHOS-RXN;TRIOSEPISOMERIZATION-RXN	6PFRUCTPHOS-RXN;2PGADEHYDRAT-RXN;PEPDEPHOS-RXN;F16ALDOLASE-RXN;GAPOXNPHOSPHN-RXN;PHOSGLYPHOS-RXN;TRIOSEPISOMERIZATION-RXN	6PFRUCTPHOS-RXN;2PGADEHYDRAT-RXN;PEPDEPHOS-RXN;1.2.1.9-RXN;TRIOSEPISOMERIZATION-RXN
PWY-5048	NA	NA	NA	TYROSINE-AMINOTRANSFERASE-RXN	TYROSINE-AMINOTRANSFERASE-RXN	TYROSINE-AMINOTRANSFERASE-RXN
PWY-5806	NA			RXN-9106		
PWY-6892	NA	NA	NA	DXS-RXN;THIAZOLSYN2-RXN;RXN-9787	DXS-RXN;RXN-9787	RXN-9787
PWY1YI0-3	NA	NA		RXN1YI0-14	RXN1YI0-14	
PWYG-321	NA	NA	NA	RXN1G-4355;RXN-9632;RXN-9633	RXN1G-3641;RXN-9634;RXN-9662;RXN-9539;RXN1G-2544;RXN-9536;RXN-9633;RXN-9663;4.2.1.61-RXN;RXN-9540;RXN-9537	RXN1G-30;RXN1G-674;RXN1G-53
PWY-3081	NA			2-AMINOADIPATE-AMINOTRANSFERASE-RXN		
PWY-8294	NA	NA		ASPARTASE-RXN;GLUTAMINESYN-RXN	GLUTAMINESYN-RXN	
P164-PWY	NA	NA	NA	ACETATEKIN-RXN	ACETATEKIN-RXN	ACETATEKIN-RXN
PWY-6840	NA			GLUTCYSLIG-RXN		
PWY490-4	NA		NA	RXN490-3616		GLUTAMIN-RXN
GLUTATHIONESYN-PWY	NA			GLUTCYSLIG-RXN		
PWY-6938-1	NA	NA	NA	RXN-12753;RXN-12754	RXN0-6727;RXN-12753;RXN-12754	RXN0-6727;RXN-12753;RXN-12754
PWY-7413	NA	NA	NA	DTDPGLUCOSEPP-RXN;DTDPGLUCDEHYDRAT-RXN	DTDPGLUCOSEPP-RXN;DTDPGLUCDEHYDRAT-RXN	DTDPGLUCOSEPP-RXN;DTDPGLUCDEHYDRAT-RXN
PWY-5169	NA	NA	NA	RXN0-5222	RXN0-5222	RXN0-5222
PWY-6123	NA	NA	NA	RXN0-743;AICARSYN-RXN;SAICARSYN-RXN;RXN0-742	RXN0-743;AICARSYN-RXN;SAICARSYN-RXN;RXN0-742	RXN0-743;AICARSYN-RXN;SAICARSYN-RXN;RXN0-742
PWY-8131	NA	NA	NA	RXN0-6550	RXN0-6550	RXN0-6550
CITRULBIO-PWY	NA	NA	NA	SPONTPRO-RXN;ORNCARBAMTRANSFER-RXN;GLUTKIN-RXN;GLUTSEMIALDEHYDROG-RXN	SPONTPRO-RXN;ORNCARBAMTRANSFER-RXN;GLUTKIN-RXN;GLUTSEMIALDEHYDROG-RXN	SPONTPRO-RXN;GLUTKIN-RXN;ORNCARBAMTRANSFER-RXN;GLUTSEMIALDEHYDROG-RXN;GLUTAMIN-RXN
PWY-5081	NA	NA	NA	TRYPTOPHAN-AMINOTRANSFERASE-RXN	4.1.1.74-RXN;TRYPTOPHAN-AMINOTRANSFERASE-RXN	TRYPTOPHAN-AMINOTRANSFERASE-RXN
KETOGLUCONMET-PWY	NA			1.1.1.274-RXN;IDNCAT-PWY		
PWY0-1319	NA	NA	NA	CDPDIGLYSYN-RXN;GLYC3PDEHYDROGBIOSYN-RXN	CDPDIGLYSYN-RXN;GLYC3PDEHYDROGBIOSYN-RXN;1-ACYLGLYCEROL-3-P-ACYLTRANSFER-RXN;RXN-10462	CDPDIGLYSYN-RXN;GLYC3PDEHYDROGBIOSYN-RXN
PWY-5662	NA			RXN-8852		
PWY-6855	NA	NA	NA	GLUCOSAMINE-6-P-DEAMIN-RXN;RXN-12309;3.2.1.14-RXN	GLUCOSAMINE-6-P-DEAMIN-RXN;RXN-12309;3.2.1.14-RXN	GLUCOSAMINE-6-P-DEAMIN-RXN
PWY-621	NA	NA	NA	PGLUCISOM-RXN;3.2.1.48-RXN;GLUCOKIN-RXN	FRUCTOKINASE-RXN;PGLUCISOM-RXN;3.2.1.48-RXN;GLUCOKIN-RXN	FRUCTOKINASE-RXN;PGLUCISOM-RXN;3.2.1.48-RXN;GLUCOKIN-RXN
PWY-6938	NA	NA	NA	RXN-12753;RXN-12754	RXN-12753;RXN-12754	RXN-12753;RXN-12754
PWY0-501	NA			RXN0-947		
PWY-7117	NA	NA	NA	RXN-13697;ASPAMINOTRANS-RXN;ALANINE-AMINOTRANSFERASE-RXN;RXN0-5224;RXN-13698;PEPCARBOX-RXN	RXN-13697;ALANINE-AMINOTRANSFERASE-RXN;ASPAMINOTRANS-RXN;RXN-13698	RXN-13697;ASPAMINOTRANS-RXN;ALANINE-AMINOTRANSFERASE-RXN;RXN0-5224;RXN-13698;PEPCARBOX-RXN
PWY66-373	NA	NA	NA	TRIOSEPISOMERIZATION-RXN;3.2.1.48-RXN;RXN-8631	TRIOSEPISOMERIZATION-RXN;3.2.1.48-RXN;RXN-8631	3.2.1.48-RXN;TRIOSEPISOMERIZATION-RXN
PWY-6728	NA	NA	NA	SUCCCOASYN-RXN;ISOCITDEH-RXN;CITSYN-RXN;RXN-14971;PROPIONYL-COA-CARBOXY-RXN	RXN-14971;ISOCITDEH-RXN	CITSYN-RXN;ISOCITDEH-RXN
PWY0-1324	NA	NA		NANE-RXN	NANE-RXN	
PWY-7852	NA	NA	NA	GTP-CYCLOHYDRO-I-RXN	GTP-CYCLOHYDRO-I-RXN	GTP-CYCLOHYDRO-I-RXN;H2PTERIDINEPYROPHOSPHOKIN-RXN
PWY-6992	NA	NA	NA	PGLUCISOM-RXN;1.1.1.292-RXN	MANNPISOM-RXN;PGLUCISOM-RXN	MANNPISOM-RXN;PGLUCISOM-RXN
P124-PWY	NA	NA	NA	PHOSPHOKETOLASE-RXN;2PGADEHYDRAT-RXN;PEPDEPHOS-RXN;PGLUCISOM-RXN;FRUCTOSE-6-PHOSPHATE-PHOSPHOKETOLASE-RXN;GAPOXNPHOSPHN-RXN;1TRANSKETO-RXN;L-LACTATE-DEHYDROGENASE-RXN;ACETATEKIN-RXN;TRANSALDOL-RXN;RIBULP3EPIM-RXN;RIB5PISOM-RXN;PHOSGLYPHOS-RXN;GLUCOKIN-RXN	PHOSPHOKETOLASE-RXN;2PGADEHYDRAT-RXN;PEPDEPHOS-RXN;PGLUCISOM-RXN;GAPOXNPHOSPHN-RXN;1TRANSKETO-RXN;L-LACTATE-DEHYDROGENASE-RXN;ACETATEKIN-RXN;RIBULP3EPIM-RXN;RIB5PISOM-RXN;PHOSGLYPHOS-RXN;GLUCOKIN-RXN	2PGADEHYDRAT-RXN;PEPDEPHOS-RXN;PGLUCISOM-RXN;1TRANSKETO-RXN;L-LACTATE-DEHYDROGENASE-RXN;ACETATEKIN-RXN;RIBULP3EPIM-RXN;RIB5PISOM-RXN;GLUCOKIN-RXN
PWY-7290	NA	NA	NA	RXN-14560	GLCNACPTRANS-RXN	GLCNACPTRANS-RXN
PWY-I9	NA	NA	NA	SAM-PWY;RIBOSYLHOMOCYSTEINASE-RXN;ADENOSYLHOMOCYSTEINE-NUCLEOSIDASE-RXN	SERINE-O-ACETTRAN-RXN;SAM-PWY;RIBOSYLHOMOCYSTEINASE-RXN;ADENOSYLHOMOCYSTEINE-NUCLEOSIDASE-RXN	SERINE-O-ACETTRAN-RXN;SAM-PWY;RIBOSYLHOMOCYSTEINASE-RXN;ADENOSYLHOMOCYSTEINE-NUCLEOSIDASE-RXN
PWY-3961	NA	NA		PANTOTHENATE-KIN-RXN	PANTOTHENATE-KIN-RXN	
GLYOXYLATE-BYPASS	NA		NA	CITSYN-RXN		CITSYN-RXN
PWY-5694	NA			UREIDOGLYCOLATE-LYASE-RXN		
PWY-7268	NA	NA	NA	ISOCITDEH-RXN;GLU6PDEHYDROG-RXN;NAD-KIN-RXN	ISOCITDEH-RXN;GLU6PDEHYDROG-RXN;NAD-KIN-RXN	ISOCITDEH-RXN;NAD-KIN-RXN
PWY-8302	NA	NA	NA	RXN-19544	RXN-19544	RXN-19544
RIBOKIN-PWY	NA	NA		RXN0-5304;RIBOKIN-RXN	RXN0-5304;RIBOKIN-RXN	
SUCUTIL-PWY	NA	NA	NA	3.2.1.26-RXN	FRUCTOKINASE-RXN;3.2.1.26-RXN	FRUCTOKINASE-RXN;3.2.1.26-RXN
SAM-PWY	NA		NA	S-ADENMETSYN-RXN		S-ADENMETSYN-RXN
PWY-7153	NA	NA	NA	ASPARTATE-SEMIALDEHYDE-DEHYDROGENASE-RXN;ASPARTATEKIN-RXN	ASPARTATE-SEMIALDEHYDE-DEHYDROGENASE-RXN;ASPARTATEKIN-RXN	ASPARTATE-SEMIALDEHYDE-DEHYDROGENASE-RXN;ASPARTATEKIN-RXN
GLUAMCAT-PWY	NA	NA	NA	GLUCOSAMINE-6-P-DEAMIN-RXN;NAG6PDEACET-RXN	GLUCOSAMINE-6-P-DEAMIN-RXN;NAG6PDEACET-RXN	GLUCOSAMINE-6-P-DEAMIN-RXN
PWY-6731	NA		NA	PHOSPHOGLUCMUT-RXN;CYCLOMALTODEXTRINASE-RXN		PHOSPHOGLUCMUT-RXN
PWY-8001	NA	NA	NA	RXN-15127;RXN-15124	RXN-15127;RXN-15124	RXN-15127;RXN-15124
PWY-8271	NA	NA	NA	1.18.1.2-RXN	1.18.1.2-RXN	1.18.1.2-RXN
REDCITCYC	NA	NA	NA	CITSYN-RXN;R601-RXN;ISOCITDEH-RXN	R601-RXN;ISOCITDEH-RXN	CITSYN-RXN;ISOCITDEH-RXN
TRNA-CHARGING-PWY	NA	NA	NA	TRYPTOPHAN--TRNA-LIGASE-RXN;THREONINE--TRNA-LIGASE-RXN;GLYCINE--TRNA-LIGASE-RXN;CYSTEINE--TRNA-LIGASE-RXN;ISOLEUCINE--TRNA-LIGASE-RXN;ALANINE--TRNA-LIGASE-RXN;HISTIDINE--TRNA-LIGASE-RXN;SERINE--TRNA-LIGASE-RXN;PROLINE--TRNA-LIGASE-RXN;TYROSINE--TRNA-LIGASE-RXN;METHIONINE--TRNA-LIGASE-RXN;VALINE--TRNA-LIGASE-RXN;GLURS-RXN;RXN-16165;ARGININE--TRNA-LIGASE-RXN;ASPARTATE--TRNA-LIGASE-RXN;PHENYLALANINE--TRNA-LIGASE-RXN;LYSINE--TRNA-LIGASE-RXN;LEUCINE--TRNA-LIGASE-RXN	TRYPTOPHAN--TRNA-LIGASE-RXN;THREONINE--TRNA-LIGASE-RXN;GLYCINE--TRNA-LIGASE-RXN;CYSTEINE--TRNA-LIGASE-RXN;ISOLEUCINE--TRNA-LIGASE-RXN;ALANINE--TRNA-LIGASE-RXN;ASPARAGINE--TRNA-LIGASE-RXN;HISTIDINE--TRNA-LIGASE-RXN;SERINE--TRNA-LIGASE-RXN;PROLINE--TRNA-LIGASE-RXN;TYROSINE--TRNA-LIGASE-RXN;METHIONINE--TRNA-LIGASE-RXN;VALINE--TRNA-LIGASE-RXN;GLURS-RXN;RXN-16165;ARGININE--TRNA-LIGASE-RXN;ASPARTATE--TRNA-LIGASE-RXN;PHENYLALANINE--TRNA-LIGASE-RXN;LYSINE--TRNA-LIGASE-RXN;LEUCINE--TRNA-LIGASE-RXN	TRYPTOPHAN--TRNA-LIGASE-RXN;PHENYLALANINE--TRNA-LIGASE-RXN;VALINE--TRNA-LIGASE-RXN;HISTIDINE--TRNA-LIGASE-RXN;THREONINE--TRNA-LIGASE-RXN;LEUCINE--TRNA-LIGASE-RXN;RXN-16165;LYSINE--TRNA-LIGASE-RXN;GLYCINE--TRNA-LIGASE-RXN;CYSTEINE--TRNA-LIGASE-RXN;SERINE--TRNA-LIGASE-RXN;ALANINE--TRNA-LIGASE-RXN;ASPARAGINE--TRNA-LIGASE-RXN;PROLINE--TRNA-LIGASE-RXN;ARGININE--TRNA-LIGASE-RXN;TYROSINE--TRNA-LIGASE-RXN;METHIONINE--TRNA-LIGASE-RXN;ASPARTATE--TRNA-LIGASE-RXN
PWY-6154	NA	NA	NA	RXN-10016;RXN-10018;RIBOSYLHOMOCYSTEINASE-RXN;ADENOSYLHOMOCYSTEINE-NUCLEOSIDASE-RXN	RXN-10016;RXN-10018;RIBOSYLHOMOCYSTEINASE-RXN;ADENOSYLHOMOCYSTEINE-NUCLEOSIDASE-RXN	RXN-10016;RXN-10018;RIBOSYLHOMOCYSTEINASE-RXN;ADENOSYLHOMOCYSTEINE-NUCLEOSIDASE-RXN
PWY-7991	NA	NA	NA	RIBOPHOSPHAT-RXN	RIBOPHOSPHAT-RXN	RIBOPHOSPHAT-RXN
PWY-5941	NA	NA	NA	PHOSPHOGLUCMUT-RXN;GLYCOPHOSPHORYL-RXN;RXN-19947;RXN-9025;GLUCOKIN-RXN	RXN-9025;GLYCOPHOSPHORYL-RXN;RXN-19947;GLUCOKIN-RXN	PHOSPHOGLUCMUT-RXN;GLYCOPHOSPHORYL-RXN;RXN-19947;RXN-9025;GLUCOKIN-RXN
PWY-6168	NA	NA	NA	RIBOPHOSPHAT-RXN	RIBOPHOSPHAT-RXN;RIBOFLAVIN-SYN-RXN;LUMAZINESYN-RXN	RIBOPHOSPHAT-RXN
PWY-5436	NA			THREONINE-ALDOLASE-RXN		
PWY-6502	NA	NA	NA	RXN-11410;RXN-11409;RXN-11396	RXN-11410;RXN-11409	RXN-11410;RXN-11409;RXN-11396
PWY-6277	NA	NA	NA	PRPPAMIDOTRANS-RXN;AIRS-RXN;PWY-6122;FGAMSYN-RXN;GLYRIBONUCSYN-RXN;PWY-6121	PRPPAMIDOTRANS-RXN;AIRS-RXN;PWY-6122;FGAMSYN-RXN;GLYRIBONUCSYN-RXN;PWY-6121	PRPPAMIDOTRANS-RXN;AIRS-RXN;PWY-6122;FGAMSYN-RXN;GLYRIBONUCSYN-RXN;PWY-6121
PWY-6987	NA			RXN-13037		
PWY-6527	NA	NA	NA	UDPGLUCEPIM-RXN;GALACTURIDYLYLTRANS-RXN;GALACTOKIN-RXN;RXN-11502;RXN-11501	GALACTOKIN-RXN;UDPGLUCEPIM-RXN;GLUC1PURIDYLTRANS-RXN;GALACTURIDYLYLTRANS-RXN	GALACTOKIN-RXN;UDPGLUCEPIM-RXN;GLUC1PURIDYLTRANS-RXN;GALACTURIDYLYLTRANS-RXN
PWY-4101	NA	NA	NA	RXN-14515;RXN-7644	FRUCTOKINASE-RXN;RXN-14515;RXN-7644	FRUCTOKINASE-RXN
PWY-6289	NA	NA	NA	RXN-19493	RXN-19493	RXN-19493
PROPIONMET-PWY	NA			PROPIONYL-COA-CARBOXY-RXN		
VALDEG-PWY	NA	NA	NA	BRANCHED-CHAINAMINOTRANSFERVAL-RXN	BRANCHED-CHAINAMINOTRANSFERVAL-RXN	BRANCHED-CHAINAMINOTRANSFERVAL-RXN
VALSYN-PWY	NA	NA	NA	DIHYDROXYISOVALDEHYDRAT-RXN;ACETOLACTSYN-RXN;BRANCHED-CHAINAMINOTRANSFERVAL-RXN;ACETOLACTREDUCTOISOM-RXN	DIHYDROXYISOVALDEHYDRAT-RXN;ACETOLACTSYN-RXN;BRANCHED-CHAINAMINOTRANSFERVAL-RXN;ACETOLACTREDUCTOISOM-RXN	DIHYDROXYISOVALDEHYDRAT-RXN;ACETOLACTSYN-RXN;BRANCHED-CHAINAMINOTRANSFERVAL-RXN;ACETOLACTREDUCTOISOM-RXN
PWY-7942	NA	NA	NA	RXN-19145;RXN-19022;PYROGLUTAMYL-PEPTIDASE-I-RXN;RXN-19146	RXN-19022	RXN-19022
PWY-5537	NA			SUCCCOASYN-RXN		
P542-PWY	NA			CHOLINE-SULFATASE-RXN		
PWY-6976	NA	NA	NA	DTDPGLUCOSEPP-RXN;DTDPGLUCDEHYDRAT-RXN	DTDPGLUCOSEPP-RXN;DTDPGLUCDEHYDRAT-RXN	DTDPGLUCOSEPP-RXN;DTDPGLUCDEHYDRAT-RXN
PWY-7218	NA	NA	NA	CALVIN-PWY;PWY-101;2PGADEHYDRAT-RXN;PEPDEPHOS-RXN	CALVIN-PWY;2PGADEHYDRAT-RXN;PEPDEPHOS-RXN;PWY-7216;PWY-101	CALVIN-PWY;PWY-101;2PGADEHYDRAT-RXN;PEPDEPHOS-RXN
P345-PWY	NA	NA		NICOTINAMID-RXN	NICOTINAMID-RXN	
PWY-7199	NA	NA	NA	THYMIDYLATESYN-RXN	THYKI-RXN;DURIDKI-RXN;THYMIDYLATESYN-RXN;CYTIDEAM-RXN	THYKI-RXN;DURIDKI-RXN;THYMIDYLATESYN-RXN;CYTIDEAM-RXN
PWY-2161	NA	NA	NA	FORMYLTHFGLUSYNTH-RXN;FORMATETHFLIG-RXN;FOLYLPOLYGLUTAMATESYNTH-RXN;RXN0-2921	FORMATETHFLIG-RXN;GLYOHMETRANS-RXN;FORMYLTHFGLUSYNTH-RXN;RXN0-2921;FOLYLPOLYGLUTAMATESYNTH-RXN	FORMATETHFLIG-RXN;GLYOHMETRANS-RXN;FORMYLTHFGLUSYNTH-RXN;RXN0-2921;FOLYLPOLYGLUTAMATESYNTH-RXN
PWY-5057	NA	NA	NA	BRANCHED-CHAINAMINOTRANSFERVAL-RXN	RXN-7657;BRANCHED-CHAINAMINOTRANSFERVAL-RXN	BRANCHED-CHAINAMINOTRANSFERVAL-RXN
PWY-8015	NA	NA	NA	ACETATEKIN-RXN	ACETATEKIN-RXN	ACETATEKIN-RXN
PWY-5103	NA	NA	NA	DIHYDROXYMETVALDEHYDRAT-RXN;ACETOOHBUTSYN-RXN;ACETOOHBUTREDUCTOISOM-RXN;BRANCHED-CHAINAMINOTRANSFERILEU-RXN	DIHYDROXYMETVALDEHYDRAT-RXN;ACETOOHBUTSYN-RXN;ACETOOHBUTREDUCTOISOM-RXN;BRANCHED-CHAINAMINOTRANSFERILEU-RXN	DIHYDROXYMETVALDEHYDRAT-RXN;ACETOOHBUTSYN-RXN;ACETOOHBUTREDUCTOISOM-RXN;BRANCHED-CHAINAMINOTRANSFERILEU-RXN
PWY-7250	NA	NA	NA	RXN-15881;RXN-14385	RXN-15881;RXN-14385	RXN-15881;RXN-14385
PWY0-1334	NA	NA	NA	NADH-DEHYDROG-A-RXN	RXN0-5266;NADH-DEHYDROG-A-RXN	NADH-DEHYDROG-A-RXN
ARGSYNBSUB-PWY	NA	NA	NA	ARGSUCCINLYA-RXN;GLUTAMATE-N-ACETYLTRANSFERASE-RXN;ACETYLORNTRANSAM-RXN;ACETYLGLUTKIN-RXN;ORNCARBAMTRANSFER-RXN;ARGSUCCINSYN-RXN;N-ACETYLTRANSFER-RXN;N-ACETYLGLUTPREDUCT-RXN;CARBPSYN-RXN	ARGSUCCINLYA-RXN;GLUTAMATE-N-ACETYLTRANSFERASE-RXN;ACETYLORNTRANSAM-RXN;ACETYLGLUTKIN-RXN;ORNCARBAMTRANSFER-RXN;ARGSUCCINSYN-RXN;N-ACETYLTRANSFER-RXN;N-ACETYLGLUTPREDUCT-RXN;CARBPSYN-RXN	ARGSUCCINLYA-RXN;GLUTAMATE-N-ACETYLTRANSFERASE-RXN;ACETYLORNTRANSAM-RXN;ACETYLGLUTKIN-RXN;ORNCARBAMTRANSFER-RXN;ARGSUCCINSYN-RXN;N-ACETYLTRANSFER-RXN;N-ACETYLGLUTPREDUCT-RXN;CARBPSYN-RXN
DHGLUCONATE-PYR-CAT-PWY	NA	NA	NA	GLUCONOLACT-RXN	GLUCONOLACT-RXN	GLUCONOLACT-RXN
PWY-7387	NA			RXN66-3		
SALVADEHYPOX-PWY	NA	NA	NA	AMP-DEPHOSPHORYLATION-RXN	INOPHOSPHOR-RXN;ADENODEAMIN-RXN	AMP-DEPHOSPHORYLATION-RXN;INOPHOSPHOR-RXN;ADENODEAMIN-RXN
PWY0-1241	NA			RXN0-4342		
PWY-6117	NA	NA	NA	SPERMACTRAN-RXN;RXN-9939	SPERMACTRAN-RXN;RXN-9939	SPERMACTRAN-RXN;RXN-9939
PWY0-41	NA	NA	NA	RXN0-5222	RXN0-5222	RXN0-5222
PWY-6808	NA	NA	NA	DTDPGLUCOSEPP-RXN;DTDPGLUCDEHYDRAT-RXN	DTDPGLUCOSEPP-RXN;DTDPGLUCDEHYDRAT-RXN	DTDPGLUCOSEPP-RXN;DTDPGLUCDEHYDRAT-RXN
PWY-6642	NA	NA	NA	RXN-11737	RXN-11737	RXN-11737
PWY-6853	NA	NA	NA	SPONTPRO-RXN	SPONTPRO-RXN	SPONTPRO-RXN
PWY-5350	NA	NA	NA	THIOSULFATE-SULFURTRANSFERASE-RXN	THIOSULFATE-SULFURTRANSFERASE-RXN	THIOSULFATE-SULFURTRANSFERASE-RXN
PWY-6963	NA	NA		GLNSYN-PWY;GLUTAMINESYN-RXN	GLNSYN-PWY;GLUTAMINESYN-RXN	
PWY-5143	NA	NA		RXN-7904	RXN-7904	
PWY-6416	NA	NA	NA	3-DEHYDROQUINATE-DEHYDRATASE-RXN	3-DEHYDROQUINATE-DEHYDRATASE-RXN	3-DEHYDROQUINATE-DEHYDRATASE-RXN
PWY-6737	NA	NA	NA	PHOSPHOGLUCMUT-RXN;RXN-12193	RXN-12193	PHOSPHOGLUCMUT-RXN;RXN-12193
PWY-6953	NA	NA	NA	DTDPGLUCOSEPP-RXN;DTDPGLUCDEHYDRAT-RXN	DTDPGLUCOSEPP-RXN;DTDPGLUCDEHYDRAT-RXN	DTDPGLUCOSEPP-RXN;DTDPGLUCDEHYDRAT-RXN
PWY-6899	NA	NA		RXN-12613	RXN-12613	
PWY0-1517	NA	NA		SEDOBISALDOL-RXN	SEDOBISALDOL-RXN	
HOMOSER-METSYN-PWY	NA	NA	NA	O-SUCCHOMOSERLYASE-RXN;HOMOCYSMET-RXN;HOMSUCTRAN-RXN;CYSTATHIONINE-BETA-LYASE-RXN	O-SUCCHOMOSERLYASE-RXN;HOMOCYSMET-RXN;HOMSUCTRAN-RXN;CYSTATHIONINE-BETA-LYASE-RXN	O-SUCCHOMOSERLYASE-RXN;HOMOCYSMET-RXN;HOMSUCTRAN-RXN;CYSTATHIONINE-BETA-LYASE-RXN
PWY-6955	NA	NA	NA	RXN-14812	RXN-14812	RXN-14812
TYRSYN	NA	NA	NA	TYROSINE-AMINOTRANSFERASE-RXN;PREPHENATEDEHYDROG-RXN	TYROSINE-AMINOTRANSFERASE-RXN;PREPHENATEDEHYDROG-RXN	TYROSINE-AMINOTRANSFERASE-RXN;PREPHENATEDEHYDROG-RXN
PWY-6281	NA	NA	NA	RXN0-2161	RXN0-2161	RXN0-2161
PWY0-44	NA			RXN0-304		
PWY-6167	NA	NA	NA	RIBOPHOSPHAT-RXN	RIBOPHOSPHAT-RXN;RIBOFLAVIN-SYN-RXN;LUMAZINESYN-RXN	RIBOPHOSPHAT-RXN
PWY0-1021	NA	NA	NA	RXN-12588	RXN-12588	RXN-12588
PWY-7817	NA	NA	NA	CDPDIGLYSYN-RXN;RXN-16648;DIACYLGLYKIN-RXN;PHOSPHAGLYPSYN-RXN	DIACYLGLYKIN-RXN;RXN-18014;GLUC1PURIDYLTRANS-RXN;PHOSPHAGLYPSYN-RXN;CDPDIGLYSYN-RXN	DIACYLGLYKIN-RXN;RXN-18014;GLUC1PURIDYLTRANS-RXN;PHOSPHAGLYPSYN-RXN;CDPDIGLYSYN-RXN
PWY-6562	NA	NA	NA	ASPARTATE-SEMIALDEHYDE-DEHYDROGENASE-RXN;ASPARTATEKIN-RXN	ASPARTATE-SEMIALDEHYDE-DEHYDROGENASE-RXN;ASPARTATEKIN-RXN	ASPARTATE-SEMIALDEHYDE-DEHYDROGENASE-RXN;ASPARTATEKIN-RXN
GLUCOSE1PMETAB-PWY	NA	NA	NA	PHOSPHOGLUCMUT-RXN;GLUCONOLACT-RXN;GLUCOSE-1-PHOSPHAT-RXN;GLUCOKIN-RXN	GLUCONOLACT-RXN;GLUCOKIN-RXN	PHOSPHOGLUCMUT-RXN;GLUCONOLACT-RXN;GLUCOKIN-RXN
PWY-7177	NA	NA	NA	CTPSYN-RXN	CTPSYN-RXN	CTPSYN-RXN
PWY-7980	NA	NA	NA	ATPSYN-RXN	ATPSYN-RXN	ATPSYN-RXN
PWY-6854	NA	NA	NA	RXN-12540	SUPEROX-DISMUT-RXN;RXN-12541;RXN-12540	SUPEROX-DISMUT-RXN;RXN-12539;RXN-12541;RXN-12540
PWY-7769	NA	NA		RXN-10837	RXN-10837	
PWY-6614	NA	NA	NA	H2PTEROATESYNTH-RXN;DIHYDROFOLATEREDUCT-RXN;DIHYDROFOLATESYNTH-RXN	H2PTEROATESYNTH-RXN;DIHYDROFOLATEREDUCT-RXN;DIHYDROFOLATESYNTH-RXN	H2PTEROATESYNTH-RXN;DIHYDROFOLATEREDUCT-RXN;DIHYDROFOLATESYNTH-RXN
PWY0-1433	NA	NA	NA	GTP-CYCLOHYDRO-I-RXN	GTP-CYCLOHYDRO-I-RXN	GTP-CYCLOHYDRO-I-RXN
PWY-5839	NA	NA		RXN-9190	RXN-9190;RXN-9191	
PWY-622	NA	NA	NA	PHOSPHOGLUCMUT-RXN;RXN-14371;GLUC1PADENYLTRANS-RXN;PGLUCISOM-RXN;RXN-14372	RXN-14371;GLYCOGENSYN-RXN;GLUC1PADENYLTRANS-RXN;PGLUCISOM-RXN;RXN-14372	PHOSPHOGLUCMUT-RXN;PGLUCISOM-RXN
ALANINE-DEG3-PWY	NA	NA	NA	ALANINE-AMINOTRANSFERASE-RXN	ALANINE-AMINOTRANSFERASE-RXN	ALANINE-AMINOTRANSFERASE-RXN
MALATE-ASPARTATE-SHUTTLE-PWY	NA	NA	NA	ASPAMINOTRANS-RXN	ASPAMINOTRANS-RXN	ASPAMINOTRANS-RXN
PWY-7770	NA	NA	NA	SPONTPRO-RXN	SPONTPRO-RXN	SPONTPRO-RXN
PWY-8012	NA	NA	NA	MALONYL-COA-ACP-TRANSACYL-RXN	MALONYL-COA-ACP-TRANSACYL-RXN	MALONYL-COA-ACP-TRANSACYL-RXN
LEUSYN-PWY	NA	NA	NA	2-ISOPROPYLMALATESYN-RXN;BRANCHED-CHAINAMINOTRANSFERLEU-RXN;RXN-7800	2-ISOPROPYLMALATESYN-RXN;BRANCHED-CHAINAMINOTRANSFERLEU-RXN;RXN-7800	2-ISOPROPYLMALATESYN-RXN;BRANCHED-CHAINAMINOTRANSFERLEU-RXN;RXN-7800
MGLDLCTANA-PWY	NA			RXN-8641		
PWY0-1182	NA	NA	NA	GLUCOKIN-RXN	GLUCOKIN-RXN	GLUCOKIN-RXN
PWY-8325	NA	NA	NA	RXN-15127;RXN-15124	RXN-15127;RXN-15124;GLYOHMETRANS-RXN	RXN-15127;RXN-15124;GLYOHMETRANS-RXN
PWY-7227	NA	NA	NA	ADPREDUCT-RXN	ADPREDUCT-RXN	DADPKIN-RXN;ADPREDUCT-RXN
PWY-5097	NA	NA	NA	DIAMINOPIMDECARB-RXN;DIHYDRODIPICSYN-RXN;ASPARTATE-SEMIALDEHYDE-DEHYDROGENASE-RXN;DIAMINOPIMEPIM-RXN;RXN-7737;ASPARTATEKIN-RXN;RXN-14014	DIAMINOPIMDECARB-RXN;DIHYDRODIPICSYN-RXN;ASPARTATE-SEMIALDEHYDE-DEHYDROGENASE-RXN;ASPARTATEKIN-RXN;RXN-14014	DIAMINOPIMDECARB-RXN;DIHYDRODIPICSYN-RXN;ASPARTATE-SEMIALDEHYDE-DEHYDROGENASE-RXN;RXN-7737;ASPARTATEKIN-RXN;RXN-14014
PWY-7953	NA	NA	NA	UDPNACETYLMURAMATEDEHYDROG-RXN;UDPNACETYLGLUCOSAMENOLPYRTRANS-RXN;UDP-NACMURALGLDAPAALIG-RXN;DALADALALIG-RXN;UDP-NACMUR-ALA-LIG-RXN	UDPNACETYLMURAMATEDEHYDROG-RXN;UDPNACETYLGLUCOSAMENOLPYRTRANS-RXN;UDP-NACMURALGLDAPAALIG-RXN;DALADALALIG-RXN;UDP-NACMUR-ALA-LIG-RXN	UDPNACETYLMURAMATEDEHYDROG-RXN;UDP-NACMUR-ALA-LIG-RXN;UDPNACETYLGLUCOSAMENOLPYRTRANS-RXN;UDP-NACMURALGLDAPAALIG-RXN
PWY-7902	NA	NA	NA	PHOSPHOGLUCMUT-RXN;GLYC3PDEHYDROGBIOSYN-RXN;GLUC1PADENYLTRANS-RXN	GLYC3PDEHYDROGBIOSYN-RXN;GLUC1PADENYLTRANS-RXN	PHOSPHOGLUCMUT-RXN;GLYC3PDEHYDROGBIOSYN-RXN
LARABITOLUTIL-PWY	NA	NA		D-XYLULOSE-REDUCTASE-RXN;XYLULOKIN-RXN	XYLULOKIN-RXN	
PWY-7821	NA		NA	RXN-14025		RXN-14025
LCYSDEG-PWY	NA	NA	NA	RXN-15127;RXN-15124	RXN-15127;RXN-15124	RXN-15127;RXN-15124
PWY-7851	NA	NA	NA	PANTEPADENYLYLTRAN-RXN;DEPHOSPHOCOAKIN-RXN	PANTEPADENYLYLTRAN-RXN;DEPHOSPHOCOAKIN-RXN	PANTEPADENYLYLTRAN-RXN;DEPHOSPHOCOAKIN-RXN
COA-PWY-1	NA	NA		PANTOTHENATE-KIN-RXN;PWY-7851	PANTOTHENATE-KIN-RXN;PWY-7851	
AMMASSIM-PWY	NA	NA	NA	GLUTAMINESYN-RXN	GLUTAMINESYN-RXN	GLUTAMIN-RXN
SUCSYN-PWY	NA	NA	NA	PWY-7343;PGLUCISOM-RXN;F16ALDOLASE-RXN;GAPOXNPHOSPHN-RXN;PHOSGLYPHOS-RXN	PWY-7343;PGLUCISOM-RXN;F16ALDOLASE-RXN;GAPOXNPHOSPHN-RXN;F16BDEPHOS-RXN;PHOSGLYPHOS-RXN	PGLUCISOM-RXN;PWY-7343;F16BDEPHOS-RXN
PWY-801	NA	NA	NA	O-SUCCHOMOSERLYASE-RXN;CYSTATHIONINE-BETA-SYNTHASE-RXN;CYSTATHIONINE-BETA-LYASE-RXN	O-SUCCHOMOSERLYASE-RXN;CYSTATHIONINE-BETA-LYASE-RXN	O-SUCCHOMOSERLYASE-RXN;CYSTATHIONINE-BETA-LYASE-RXN
PWY-6599	NA	NA	NA	GUANPRIBOSYLTRAN-RXN	GUANPRIBOSYLTRAN-RXN	GUANPRIBOSYLTRAN-RXN
PWY-2221	NA	NA	NA	DEOXYGLUCONOKIN-RXN;GLUCONOLACT-RXN;2PGADEHYDRAT-RXN;PEPDEPHOS-RXN	GLUCONOLACT-RXN;2PGADEHYDRAT-RXN;PEPDEPHOS-RXN;DEOXYGLUCONOKIN-RXN;KDPGALDOL-RXN	GLUCONOLACT-RXN;2PGADEHYDRAT-RXN;PEPDEPHOS-RXN
P185-PWY	NA	NA	NA	F16ALDOLASE-RXN;GAPOXNPHOSPHN-RXN;1TRANSKETO-RXN;TRANSALDOL-RXN;RIBULP3EPIM-RXN;RIB5PISOM-RXN;2TRANSKETO-RXN;PHOSGLYPHOS-RXN;TRIOSEPISOMERIZATION-RXN	F16ALDOLASE-RXN;F16BDEPHOS-RXN;GAPOXNPHOSPHN-RXN;1TRANSKETO-RXN;RIBULP3EPIM-RXN;RIB5PISOM-RXN;2TRANSKETO-RXN;PHOSGLYPHOS-RXN;TRIOSEPISOMERIZATION-RXN	F16BDEPHOS-RXN;1TRANSKETO-RXN;RIBULP3EPIM-RXN;RIB5PISOM-RXN;2TRANSKETO-RXN;TRIOSEPISOMERIZATION-RXN
P23-PWY	NA	NA	NA	SUCCCOASYN-RXN;R601-RXN;ISOCITDEH-RXN	PYRUFLAVREDUCT-RXN;R601-RXN;ISOCITDEH-RXN	ISOCITDEH-RXN
PWY-7077	NA	NA	NA	3.5.1.80-RXN	TAGAKIN-RXN;TAGAALDOL-RXN;3.5.1.80-RXN	TAGAKIN-RXN
ALANINE-SYN2-PWY	NA	NA	NA	ALANINE-AMINOTRANSFERASE-RXN	ALANINE-AMINOTRANSFERASE-RXN	ALANINE-AMINOTRANSFERASE-RXN
PWY-4381	NA	NA	NA	MALONYL-COA-ACP-TRANSACYL-RXN;2.3.1.180-RXN	MALONYL-COA-ACP-TRANSACYL-RXN;2.3.1.180-RXN;RXN0-5055	MALONYL-COA-ACP-TRANSACYL-RXN;2.3.1.180-RXN;RXN0-5055
PWY-6803	NA	NA		RXN-7904	RXN-7904	
PWY-5939	NA	NA	NA	ACETOLACTSYN-RXN;ACETOLACTATE-DECARBOXYLASE-RXN	ACETOLACTSYN-RXN;ACETOLACTATE-DECARBOXYLASE-RXN	ACETOLACTSYN-RXN;ACETOLACTATE-DECARBOXYLASE-RXN
PWY-5958	NA	NA	NA	ANTHRANSYN-RXN	ANTHRANSYN-RXN	ANTHRANSYN-RXN
PWY0-166	NA	NA	NA	THYMIDYLATESYN-RXN;DCTP-DEAM-RXN;PWY-7187;CDPREDUCT-RXN;DUTP-PYROP-RXN;PWY-7184;RXN0-723;DTMPKI-RXN;RXN0-724;RIBONUCLEOSIDE-DIP-REDUCTII-RXN;RXN0-722;UDPREDUCT-RXN	THYMIDYLATESYN-RXN;PWY-7187;CDPREDUCT-RXN;DUTP-PYROP-RXN;PWY-7184;RXN0-723;DTMPKI-RXN;RXN0-724;RIBONUCLEOSIDE-DIP-REDUCTII-RXN;RXN0-722;UDPREDUCT-RXN	THYMIDYLATESYN-RXN;PWY-7187;CDPREDUCT-RXN;DUTP-PYROP-RXN;PWY-7184;RXN0-723;DCDPKIN-RXN;DTMPKI-RXN;DTDPKIN-RXN;DUDPKIN-RXN;RXN0-724;RIBONUCLEOSIDE-DIP-REDUCTII-RXN;RXN0-722;UDPREDUCT-RXN
PWY-7884	NA	NA	NA	RXN-17362;RXN0-20	RXN-17362;RXN0-20	RXN-17362;RXN0-20
PWY-6397	NA	NA	NA	UDPGLUCEPIM-RXN;RXN-6380;GALPMUT-RXN	UDPGLUCEPIM-RXN;GALPMUT-RXN	UDPGLUCEPIM-RXN;GALPMUT-RXN
PWY-6385	NA	NA	NA	2.4.1.129-RXN;RXN-11028;PWY-6387;RXN-11029	RXN-11028;PWY-6387;RXN-11029	RXN-11028;PWY-6387;RXN-11029
PWY-7977	NA	NA	NA	ASPARTATE-SEMIALDEHYDE-DEHYDROGENASE-RXN;ASPARTATEKIN-RXN	ASPARTATE-SEMIALDEHYDE-DEHYDROGENASE-RXN;ASPARTATEKIN-RXN	ASPARTATE-SEMIALDEHYDE-DEHYDROGENASE-RXN;ASPARTATEKIN-RXN
TCA-1	NA	NA	NA	RXN-14971;SUCCCOASYN-RXN;ASPAMINOTRANS-RXN	RXN-14971;ASPAMINOTRANS-RXN	ASPAMINOTRANS-RXN
PWY-5079	NA	NA	NA	RXN-10814	RXN-10814	RXN-10814
PWY-7111	NA	NA	NA	DIHYDROXYISOVALDEHYDRAT-RXN;ACETOLACTSYN-RXN;ACETOLACTREDUCTOISOM-RXN	DIHYDROXYISOVALDEHYDRAT-RXN;ACETOLACTSYN-RXN;RXN-7657;ACETOLACTREDUCTOISOM-RXN	DIHYDROXYISOVALDEHYDRAT-RXN;ACETOLACTSYN-RXN;ACETOLACTREDUCTOISOM-RXN
PWY-5	NA	NA	NA	RXN-22;RXN-10	RXN-22;RXN-10	RXN-22;RXN-10
ASPARTATESYN-PWY	NA	NA	NA	ASPAMINOTRANS-RXN	ASPAMINOTRANS-RXN	ASPAMINOTRANS-RXN
PWY4FS-7	NA	NA	NA	PHOSPHAGLYPSYN-RXN;PWY0-1319	PHOSPHAGLYPSYN-RXN;PWY0-1319	PHOSPHAGLYPSYN-RXN;PWY0-1319
P3-PWY	NA	NA	NA	ACETATEKIN-RXN;PHOSACETYLTRANS-RXN	ACETATEKIN-RXN;PHOSACETYLTRANS-RXN	ACETATEKIN-RXN;PHOSACETYLTRANS-RXN
PWY-2723	NA	NA	NA	PHOSPHOGLUCMUT-RXN;GLUCOKIN-RXN	GLUCOKIN-RXN	PHOSPHOGLUCMUT-RXN;GLUCOKIN-RXN
PWY-8086	NA	NA	NA	L-LACTATE-DEHYDROGENASE-RXN;ACETATEKIN-RXN;PHOSACETYLTRANS-RXN;PYRUVFORMLY-RXN;R601-RXN	L-LACTATE-DEHYDROGENASE-RXN;ACETATEKIN-RXN;PHOSACETYLTRANS-RXN;PYRUVFORMLY-RXN;R601-RXN	ACETATEKIN-RXN;PYRUVFORMLY-RXN;PHOSACETYLTRANS-RXN;L-LACTATE-DEHYDROGENASE-RXN
PWY-6566	NA	NA		RXN-16325	RXN-16325	
PWY-6387	NA	NA	NA	GLUTRACE-RXN;UDPNACETYLMURAMATEDEHYDROG-RXN;UDPNACETYLGLUCOSAMENOLPYRTRANS-RXN;UDP-NACMURALA-GLU-LIG-RXN;UDP-NACMURALGLDAPAALIG-RXN;DALADALALIG-RXN;UDP-NACMUR-ALA-LIG-RXN	GLUTRACE-RXN;UDPNACETYLMURAMATEDEHYDROG-RXN;UDPNACETYLGLUCOSAMENOLPYRTRANS-RXN;UDP-NACMURALA-GLU-LIG-RXN;UDP-NACMURALGLDAPAALIG-RXN;DALADALALIG-RXN;UDP-NACMUR-ALA-LIG-RXN	GLUTRACE-RXN;UDPNACETYLMURAMATEDEHYDROG-RXN;UDPNACETYLGLUCOSAMENOLPYRTRANS-RXN;UDP-NACMURALA-GLU-LIG-RXN;UDP-NACMURALGLDAPAALIG-RXN;UDP-NACMUR-ALA-LIG-RXN
LEU-DEG2-PWY	NA	NA	NA	BRANCHED-CHAINAMINOTRANSFERLEU-RXN	BRANCHED-CHAINAMINOTRANSFERLEU-RXN	BRANCHED-CHAINAMINOTRANSFERLEU-RXN
PWY-6146	NA		NA	P42-PWY;ASPARTATESYN-PWY;CODH-PWY;PEPCARBOX-RXN;PWY-5910;PWY-6142;ALANINE-SYN2-PWY		ASPARTATESYN-PWY;CODH-PWY;PEPCARBOX-RXN;PWY-5910;PWY-6142;ALANINE-SYN2-PWY
PWY8J2-25	NA	NA	NA	RXN-22606	RXN-22606	RXN-22606
COLANSYN-PWY	NA	NA	NA	PWY-5659;PWY-7344;PWY-7343;UDPGLUCEPIM-RXN	PWY-5659;PWY-7344;PWY-7343;UDPGLUCEPIM-RXN	PWY-5659;PWY-7344;PWY-7343;UDPGLUCEPIM-RXN
PWY-6471	NA	NA	NA	PWY-6386;RXN-8976;RXN-8975;RXN-11350;RXN-22557	PWY-6386;RXN-8975;RXN-8976;RXN-11350;RXN-22557;PWY-6461;RXN-11351	PWY-6386;RXN-8976;RXN-8975
PWY-5783	NA			RXN-8992		
PWY-7432	NA	NA	NA	PREPHENATEDEHYDRAT-RXN	PREPHENATEDEHYDRAT-RXN	PREPHENATEDEHYDRAT-RXN
PWY-7255	NA			RXN-14429;RXN-18089;GLUTCYSLIG-RXN;RXN-15804		
PWY-6163	NA	NA	NA	2.5.1.19-RXN;CHORISMATE-SYNTHASE-RXN;3-DEHYDROQUINATE-DEHYDRATASE-RXN;SHIKIMATE-5-DEHYDROGENASE-RXN	CHORISMATE-SYNTHASE-RXN;3-DEHYDROQUINATE-DEHYDRATASE-RXN;2.5.1.19-RXN;SHIKIMATE-5-DEHYDROGENASE-RXN;SHIKIMATE-KINASE-RXN	CHORISMATE-SYNTHASE-RXN;3-DEHYDROQUINATE-DEHYDRATASE-RXN;2.5.1.19-RXN;SHIKIMATE-5-DEHYDROGENASE-RXN;SHIKIMATE-KINASE-RXN
ENTBACSYN-PWY	NA	NA	NA	ENTDB-RXN;RXN-15889	PWY-5901;ENTDB-RXN;RXN-15889	ENTDB-RXN;RXN-15889
PWY-7197	NA	NA	NA	DTMPKI-RXN	DTMPKI-RXN;RXN-7913	DCDPKIN-RXN;DTMPKI-RXN;DTDPKIN-RXN;RXN-7913
PWY-5892	NA	NA		RXN-9360	RXN-9360	
PWY-7115	NA	NA	NA	RXN-13697;ASPAMINOTRANS-RXN;ALANINE-AMINOTRANSFERASE-RXN;RXN0-5224;RXN-13698;PEPCARBOX-RXN	RXN-13697;ALANINE-AMINOTRANSFERASE-RXN;ASPAMINOTRANS-RXN;RXN-13698	RXN-13697;ASPAMINOTRANS-RXN;ALANINE-AMINOTRANSFERASE-RXN;RXN0-5224;RXN-13698;PEPCARBOX-RXN
PWY-6466	NA			RXN-11322		
IDNCAT-PWY	NA			GLUCONOKIN-RXN		
PWY-7185	NA	NA	NA	RXN-14026;CTPSYN-RXN;RXN-14025	CTPSYN-RXN;RXN-12195	RXN-14026;CTPSYN-RXN;RXN-14025
PWY-5667	NA	NA	NA	CDPDIGLYSYN-RXN;GLYC3PDEHYDROGBIOSYN-RXN;RXN-1623	CDPDIGLYSYN-RXN;RXN-1381;GLYC3PDEHYDROGBIOSYN-RXN;RXN-1623	CDPDIGLYSYN-RXN;RXN-1381;GLYC3PDEHYDROGBIOSYN-RXN
PWY-6964	NA	NA		GLUTAMINESYN-RXN	GLUTAMINESYN-RXN	
PWY-7518	NA	NA	NA	TYROSINE-AMINOTRANSFERASE-RXN	TYROSINE-AMINOTRANSFERASE-RXN	TYROSINE-AMINOTRANSFERASE-RXN
PYRIDNUCSYN-PWY	NA	NA	NA	QUINOPRIBOTRANS-RXN;L-ASPARTATE-OXID-RXN;QUINOLINATE-SYNTHA-RXN;NICONUCADENYLYLTRAN-RXN;NAD-SYNTH-GLN-RXN	NAD-SYNTH-NH3-RXN;NICONUCADENYLYLTRAN-RXN;NAD-SYNTH-GLN-RXN	NAD-SYNTH-NH3-RXN;NICONUCADENYLYLTRAN-RXN;NAD-SYNTH-GLN-RXN
PWY-7248	NA	NA		GALACTUROISOM-RXN	GALACTUROISOM-RXN	
PWY-5851	NA	NA		RXN-9204	RXN-9204	
HOMOSERSYN-PWY	NA	NA	NA	ASPARTATE-SEMIALDEHYDE-DEHYDROGENASE-RXN;HOMOSERDEHYDROG-RXN;ASPARTATEKIN-RXN	ASPARTATE-SEMIALDEHYDE-DEHYDROGENASE-RXN;HOMOSERDEHYDROG-RXN;ASPARTATEKIN-RXN	ASPARTATE-SEMIALDEHYDE-DEHYDROGENASE-RXN;HOMOSERDEHYDROG-RXN;ASPARTATEKIN-RXN
PWY-7793	NA	NA		METHIONINE-GAMMA-LYASE-RXN	METHIONINE-GAMMA-LYASE-RXN	
PWY0-1280	NA			GLYCOLALDREDUCT-RXN		
OXIDATIVEPENT-PWY	NA	NA		6PGLUCONOLACT-RXN;GLU6PDEHYDROG-RXN;RXN-9952	6PGLUCONOLACT-RXN;GLU6PDEHYDROG-RXN;RXN-9952	
PWY-5981	NA	NA	NA	CDPDIGLYSYN-RXN;GLYC3PDEHYDROGBIOSYN-RXN	CDPDIGLYSYN-RXN;RXN-9590;GLYC3PDEHYDROGBIOSYN-RXN;1-ACYLGLYCEROL-3-P-ACYLTRANSFER-RXN	CDPDIGLYSYN-RXN;GLYC3PDEHYDROGBIOSYN-RXN;RXN-9590
PWY-8025	NA	NA	NA	RXN0-5222	RXN0-5222	RXN0-5222
PWY-7234	NA	NA	NA	RXN0-743;AICARSYN-RXN;SAICARSYN-RXN;RXN0-742	RXN0-743;AICARSYN-RXN;SAICARSYN-RXN;RXN0-742	RXN0-743;AICARSYN-RXN;SAICARSYN-RXN;RXN0-742
PWY0-1261	NA	NA	NA	NAG6PDEACET-RXN;UDPNACETYLMURAMATEDEHYDROG-RXN;UDPNACETYLGLUCOSAMENOLPYRTRANS-RXN;5.4.2.10-RXN;RXN0-5226;RXN0-5225	NAG6PDEACET-RXN;UDPNACETYLMURAMATEDEHYDROG-RXN;UDPNACETYLGLUCOSAMENOLPYRTRANS-RXN;5.4.2.10-RXN;RXN0-5226;RXN0-5225;RXN0-4641	UDPNACETYLMURAMATEDEHYDROG-RXN;UDPNACETYLGLUCOSAMENOLPYRTRANS-RXN;5.4.2.10-RXN;RXN0-5225
PWY-6983	NA	NA	NA	GTP-CYCLOHYDRO-I-RXN	GTP-CYCLOHYDRO-I-RXN	GTP-CYCLOHYDRO-I-RXN
PWY-6517	NA			N-ACETYLGLUCOSAMINE-KINASE-RXN;GLUAMCAT-PWY		
PWY66-161	NA			RXN66-3		
PWY-7900	NA	NA	NA	PHOSPHOGLUCMUT-RXN;RXN-18305;5.4.99.16-RXN;RXN-13028;RXN-18777	RXN-18777	PHOSPHOGLUCMUT-RXN
PWY-6890	NA	NA		PYRIMSYN3-RXN;PYRIMSYN1-RXN	PYRIMSYN3-RXN	
ILEUSYN-PWY	NA	NA	NA	ACETOOHBUTSYN-RXN;BRANCHED-CHAINAMINOTRANSFERILEU-RXN;RXN-15121;ACETOOHBUTREDUCTOISOM-RXN;DIHYDROXYMETVALDEHYDRAT-RXN;RXN-15123	ACETOOHBUTSYN-RXN;BRANCHED-CHAINAMINOTRANSFERILEU-RXN;RXN-15121;ACETOOHBUTREDUCTOISOM-RXN;DIHYDROXYMETVALDEHYDRAT-RXN;RXN-15123	ACETOOHBUTSYN-RXN;BRANCHED-CHAINAMINOTRANSFERILEU-RXN;RXN-15121;ACETOOHBUTREDUCTOISOM-RXN;DIHYDROXYMETVALDEHYDRAT-RXN;RXN-15123
PWY-7303	NA	NA	NA	PREPHENATEDEHYDROG-RXN	PREPHENATEDEHYDROG-RXN	PREPHENATEDEHYDROG-RXN
PWY-5084	NA	NA	NA	RXN-7716	RXN-7716	RXN-7716
PWY-5826	NA	NA	NA	RXN-15121;RXN-15123	RXN-15121;RXN-15123	RXN-15121;RXN-15123
GLNSYN-PWY	NA	NA		GLUTAMINESYN-RXN	GLUTAMINESYN-RXN	
PWY-5283	NA			2-AMINOADIPATE-AMINOTRANSFERASE-RXN		
SERSYN-PWY	NA	NA	NA	RXN0-5114;PSERTRANSAM-RXN;PGLYCDEHYDROG-RXN	RXN0-5114;PSERTRANSAM-RXN;PGLYCDEHYDROG-RXN	RXN0-5114;PSERTRANSAM-RXN
PWY-7221	NA	NA	NA	GMP-SYN-GLUT-RXN;GUANYL-KIN-RXN;IMP-DEHYDROG-RXN	GMP-SYN-GLUT-RXN;GUANYL-KIN-RXN;IMP-DEHYDROG-RXN	GMP-SYN-GLUT-RXN;GDPKIN-RXN;GUANYL-KIN-RXN;IMP-DEHYDROG-RXN
PWY-6931	NA	NA		RXN-11064	RXN-11064	
PWY-5437	NA	NA	NA	RXN-15121;KETOBUTFORMLY-RXN;RXN-15123;PROPKIN-RXN	RXN-15121;RXN-15123;PROPKIN-RXN	RXN-15121;RXN-15123;PROPKIN-RXN
PWY-6637	NA	NA	NA	PHOSACETYLTRANS-RXN	PHOSACETYLTRANS-RXN	PHOSACETYLTRANS-RXN
TREDEGLOW-PWY	NA	NA	NA	GLUCOKIN-RXN	GLUCOKIN-RXN	TRE6PHYDRO-RXN;GLUCOKIN-RXN
NADPHOS-DEPHOS-PWY	NA	NA	NA	TRANS-RXN0-277;NAD-KIN-RXN	NAD-KIN-RXN	NAD-KIN-RXN
GALACTUROCAT-PWY	NA	NA		DEOXYGLUCONOKIN-RXN;GALACTUROISOM-RXN	DEOXYGLUCONOKIN-RXN;KDPGALDOL-RXN;GALACTUROISOM-RXN	
ASPASN-PWY	NA	NA	NA	ASPARTATESYN-PWY;ASPARTASE-RXN	ASPARTATESYN-PWY;ASPARAGHYD-RXN	ASPARTATESYN-PWY;ASPARAGHYD-RXN;ASPARAGINESYN-PWY
PWY-7800	NA	NA	NA	RXN-17874;RXN-17878;RXN-17877;RXN-17860;RXN-17861;RXN-17859;RXN-17875;RXN-17873;RXN-17862;RXN-17863;RXN-17876;RXN-17864	RXN-17874;RXN-17878;RXN-17877;RXN-17860;RXN-17861;RXN-17859;RXN-17875;RXN-17873;RXN-17862;RXN-17863;RXN-17876;RXN-17864	RXN-17874;RXN-17878;RXN-17875;RXN-17873;RXN-17876;RXN-17877
PWY-5705	NA			UREIDOGLYCOLATE-LYASE-RXN		
PWY-6344	NA	NA	NA	ORNCARBAMTRANSFER-RXN	ORNCARBAMTRANSFER-RXN;ARGININE-DEIMINASE-RXN	ORNCARBAMTRANSFER-RXN
PWY-5392	NA	NA		RXN-8457;SUCCCOASYN-RXN;R601-RXN	PYRUFLAVREDUCT-RXN;RXN-8457;R601-RXN	
PWY66-399	NA	NA	NA	2PGADEHYDRAT-RXN;PGLUCISOM-RXN;F16ALDOLASE-RXN;GAPOXNPHOSPHN-RXN;PHOSGLYPHOS-RXN;TRIOSEPISOMERIZATION-RXN;RXN-15513	2PGADEHYDRAT-RXN;PGLUCISOM-RXN;F16ALDOLASE-RXN;F16BDEPHOS-RXN;GAPOXNPHOSPHN-RXN;PHOSGLYPHOS-RXN;TRIOSEPISOMERIZATION-RXN;RXN-15513	2PGADEHYDRAT-RXN;PGLUCISOM-RXN;F16BDEPHOS-RXN;TRIOSEPISOMERIZATION-RXN;RXN-15513
PWY-7445	NA			RXN-15289;RXN-15291		
PWY0-1545	NA	NA	NA	PHOSPHAGLYPSYN-RXN	RXN0-7012;PHOSPHAGLYPSYN-RXN	RXN0-7012;PHOSPHAGLYPSYN-RXN
PWY-5890	NA	NA		RXN-9358	RXN-9358	
PWY-7999	NA	NA		RXN-19671	RXN-19671	
ALANINE-VALINESYN-PWY	NA	NA	NA	BRANCHED-CHAINAMINOTRANSFERVAL-RXN	BRANCHED-CHAINAMINOTRANSFERVAL-RXN	BRANCHED-CHAINAMINOTRANSFERVAL-RXN
PWY-7254	NA	NA	NA	CITSYN-RXN;RXN-14971;ISOCITDEH-RXN	RXN-14971;ISOCITDEH-RXN	CITSYN-RXN;ISOCITDEH-RXN
PWY-7282	NA	NA	NA	PNKIN-RXN;PYRIMSYN3-RXN;PYRIDOXKIN-RXN	PNKIN-RXN;PYRIMSYN3-RXN;PYRIDOXKIN-RXN	PNKIN-RXN;PYRIDOXKIN-RXN
RUMP-PWY	NA	NA	NA	R12-RXN;6PGLUCONOLACT-RXN;PGLUCISOM-RXN;GLU6PDEHYDROG-RXN	6PGLUCONOLACT-RXN;PGLUCISOM-RXN;RXN-3341;GLU6PDEHYDROG-RXN	PGLUCISOM-RXN
PWY-7279	NA	NA		SUCCINATE-DEHYDROGENASE-UBIQUINONE-RXN	SUCCINATE-DEHYDROGENASE-UBIQUINONE-RXN	
PWY-7814	NA	NA	NA	DTDPGLUCOSEPP-RXN;DTDPDEHYDRHAMEPIM-RXN;DTDPGLUCDEHYDRAT-RXN	DTDPGLUCOSEPP-RXN;DTDPDEHYDRHAMEPIM-RXN;DTDPGLUCDEHYDRAT-RXN	DTDPGLUCOSEPP-RXN;DTDPDEHYDRHAMEPIM-RXN;DTDPGLUCDEHYDRAT-RXN
PWY0-1466	NA	NA	NA	ALDOSE-1-EPIMERASE-RXN	ALDOSE-1-EPIMERASE-RXN	ALDOSE-1-EPIMERASE-RXN
PWY-6318	NA	NA	NA	RXN-10814	RXN-10814	RXN-10814
PWY-6147	NA	NA	NA	GTP-CYCLOHYDRO-I-RXN	H2NEOPTERINALDOL-RXN;GTP-CYCLOHYDRO-I-RXN;H2NEOPTERINP3PYROPHOSPHOHYDRO-RXN	H2NEOPTERINALDOL-RXN;GTP-CYCLOHYDRO-I-RXN;H2PTERIDINEPYROPHOSPHOKIN-RXN
P101-PWY	NA	NA	NA	ASPARTATE-SEMIALDEHYDE-DEHYDROGENASE-RXN;ASPARTATEKIN-RXN	ASPARTATE-SEMIALDEHYDE-DEHYDROGENASE-RXN;ASPARTATEKIN-RXN	ASPARTATE-SEMIALDEHYDE-DEHYDROGENASE-RXN;ASPARTATEKIN-RXN
PWY-6799	NA	NA	NA	MALONYL-COA-ACP-TRANSACYL-RXN	MALONYL-COA-ACP-TRANSACYL-RXN	MALONYL-COA-ACP-TRANSACYL-RXN
PWY-7206	NA	NA	NA	DUTP-PYROP-RXN;DCTP-PYROPHOSPHATASE-RXN	DUTP-PYROP-RXN;DCTP-PYROPHOSPHATASE-RXN	RXN-14188;DUTP-PYROP-RXN;DCTP-PYROPHOSPHATASE-RXN
PWY-7414	NA	NA	NA	DTDPGLUCOSEPP-RXN;DTDPGLUCDEHYDRAT-RXN	DTDPGLUCOSEPP-RXN;DTDPGLUCDEHYDRAT-RXN	DTDPGLUCOSEPP-RXN;DTDPGLUCDEHYDRAT-RXN
PWY-5853	NA	NA		RXN-9217	RXN-9217	
HOMOCYSDEGR-PWY	NA			CYSTATHIONINE-BETA-SYNTHASE-RXN		
PWY-8014	NA	NA	NA	RXN-10814	RXN-10814	RXN-10814
PWY-6871	NA	NA	NA	2-ISOPROPYLMALATESYN-RXN;RXN-7800	2-ISOPROPYLMALATESYN-RXN;RXN-7800	2-ISOPROPYLMALATESYN-RXN;RXN-7800
PWY-6638	NA	NA	NA	RXN-11737	RXN-11737	RXN-11737
PWY-7383	NA	NA	NA	ALARACECAT-RXN;ALANINE-AMINOTRANSFERASE-RXN;ASPAMINOTRANS-RXN;PEPDEPHOS-RXN	ALARACECAT-RXN;ALANINE-AMINOTRANSFERASE-RXN;ASPAMINOTRANS-RXN;PEPDEPHOS-RXN	ALARACECAT-RXN;ALANINE-AMINOTRANSFERASE-RXN;ASPAMINOTRANS-RXN;PEPDEPHOS-RXN
PWY-7997	NA	NA		RXN-19668	RXN-19668	
PWY-5497	NA	NA	NA	RXN-15124;ACETATEKIN-RXN;RXN-15127;PHOSACETYLTRANS-RXN	PYRUFLAVREDUCT-RXN;GLYOHMETRANS-RXN;RXN-15127;ACETATEKIN-RXN;RXN-15124;PHOSACETYLTRANS-RXN	GLYOHMETRANS-RXN;RXN-15127;ACETATEKIN-RXN;RXN-15124;PHOSACETYLTRANS-RXN
PWY-5054	NA	NA	NA	PGLUCISOM-RXN	PGLUCISOM-RXN	PGLUCISOM-RXN
PWY-7723	NA	NA		RXN-12444	FMNREDUCT-RXN;RXN-12444	
PWY-4302	NA	NA	NA	SUCCINATE-DEHYDROGENASE-UBIQUINONE-RXN;NADH-DEHYDROG-A-RXN	RXN-6883;SUCCINATE-DEHYDROGENASE-UBIQUINONE-RXN;NADH-DEHYDROG-A-RXN	NADH-DEHYDROG-A-RXN
PWY0-1535	NA	NA	NA	RXN-15127;RXN-15124	RXN-15127;RXN-15124	RXN-15127;RXN-15124
PWY-5148	NA		NA	THIOESTER-RXN		THIOESTER-RXN
PWY-5661	NA	NA	NA	PHOSPHOGLUCMUT-RXN;GLUCOKIN-RXN	GLUCOKIN-RXN	PHOSPHOGLUCMUT-RXN;GLUCOKIN-RXN
HSERMETANA-PWY	NA	NA	NA	HOMOCYSMET-RXN	PWY-5344;HOMOCYSMET-RXN	PWY-5344;HOMOCYSMET-RXN
PWY0-1479	NA	NA	NA	RXN0-6482;RXN0-6484;RXN0-6480;RXN0-6481;RXN0-6483;3.1.26.5-RXN	RXN0-4222;3.1.26.5-RXN;RXN0-6479;RXN0-6480	RXN0-4222;3.1.26.5-RXN;RXN0-6479;RXN0-6480
PWY-7226	NA	NA	NA	GDPREDUCT-RXN	GDPREDUCT-RXN	DGDPKIN-RXN;GDPREDUCT-RXN
PWY-6986	NA	NA		DEOXYGLUCONOKIN-RXN	DEOXYGLUCONOKIN-RXN	
ETHYL-PWY	NA		NA	S-ADENMETSYN-RXN		S-ADENMETSYN-RXN
PWY-7165	NA	NA	NA	1.1.1.274-RXN;GLUCONOLACT-RXN	GLUCONOLACT-RXN	GLUCONOLACT-RXN
PWY-5480	NA	NA	NA	PYRUVFORMLY-RXN;ALCOHOL-DEHYDROG-RXN	PYRUVFORMLY-RXN;ALCOHOL-DEHYDROG-RXN	PYRUVFORMLY-RXN;ALCOHOL-DEHYDROG-RXN
PWY-1622	NA	NA	NA	PEPCARBOX-RXN;2PGADEHYDRAT-RXN;RXN-15513	GLYOHMETRANS-RXN;GKI-RXN;2PGADEHYDRAT-RXN;RXN-15513	2PGADEHYDRAT-RXN;GLYOHMETRANS-RXN;HYDROXYPYRUVATE-REDUCTASE-RXN;RXN-2881;PEPCARBOX-RXN;GKI-RXN;RXN-15513
PWY-3661	NA	NA	NA	RXN-15127;RXN-15124	RXN-15127;RXN-15124;GLYOHMETRANS-RXN	RXN-15127;RXN-15124;GLYOHMETRANS-RXN
PWY-7183	NA	NA	NA	URACIL-PRIBOSYLTRANS-RXN	URACIL-PRIBOSYLTRANS-RXN	URACIL-PRIBOSYLTRANS-RXN
PWY-5482	NA	NA	NA	ACETATEKIN-RXN;PHOSACETYLTRANS-RXN	ACETATEKIN-RXN;PHOSACETYLTRANS-RXN	ACETATEKIN-RXN;PHOSACETYLTRANS-RXN
TYRFUMCAT-PWY	NA	NA	NA	TYROSINE-AMINOTRANSFERASE-RXN	TYROSINE-AMINOTRANSFERASE-RXN	TYROSINE-AMINOTRANSFERASE-RXN
FLUORENE-DEG-9-ONE-PWY	NA	NA	NA	RXN-7282	RXN-7282	RXN-7282
PWY-7198	NA	NA	NA	DTMPKI-RXN;CDPREDUCT-RXN;THYMIDYLATESYN-RXN	DTMPKI-RXN;CDPREDUCT-RXN;RXN-12195;THYMIDYLATESYN-RXN	THYMIDYLATESYN-RXN;CDPREDUCT-RXN;DCDPKIN-RXN;DTMPKI-RXN;DTDPKIN-RXN
PWY-8105	NA	NA		QUEUOSINE-TRNA-RIBOSYLTRANSFERASE-RXN	QUEUOSINE-TRNA-RIBOSYLTRANSFERASE-RXN	
PWY-5104	NA	NA	NA	DIHYDROXYMETVALDEHYDRAT-RXN;ACETOOHBUTSYN-RXN;BRANCHED-CHAINAMINOTRANSFERILEU-RXN	DIHYDROXYMETVALDEHYDRAT-RXN;ACETOOHBUTSYN-RXN;BRANCHED-CHAINAMINOTRANSFERILEU-RXN	DIHYDROXYMETVALDEHYDRAT-RXN;ACETOOHBUTSYN-RXN;BRANCHED-CHAINAMINOTRANSFERILEU-RXN
PWY-7356	NA	NA	NA	THIAMINASE-RXN;PYRIMSYN3-RXN;OHMETPYRKIN-RXN;THIAZOLSYN3-RXN	THIAMINASE-RXN;PYRIMSYN3-RXN;THIAZOLSYN3-RXN;THI-P-SYN-RXN;OHMETPYRKIN-RXN;THIAMIN-PYROPHOSPHOKINASE-RXN	THIAMIN-PYROPHOSPHOKINASE-RXN
PWY-6922	NA	NA	NA	SPONTPRO-RXN;GLUTKIN-RXN;GLUTSEMIALDEHYDROG-RXN	SPONTPRO-RXN;GLUTKIN-RXN;GLUTSEMIALDEHYDROG-RXN	SPONTPRO-RXN;GLUTKIN-RXN;GLUTSEMIALDEHYDROG-RXN
PWY-5384	NA	NA	NA	PHOSPHOGLUCMUT-RXN;PGLUCISOM-RXN	FRUCTOKINASE-RXN;PGLUCISOM-RXN	PHOSPHOGLUCMUT-RXN;FRUCTOKINASE-RXN;PGLUCISOM-RXN
PWY-6703	NA	NA	NA	GTP-CYCLOHYDRO-I-RXN	GTP-CYCLOHYDRO-I-RXN;RXN0-6575	RXN0-5507;RXN-12093;GTP-CYCLOHYDRO-I-RXN;RXN0-6575
PWY-7033	NA	NA		RXN-7904	RXN-7904	
PWY-5076	NA	NA	NA	BRANCHED-CHAINAMINOTRANSFERLEU-RXN	BRANCHED-CHAINAMINOTRANSFERLEU-RXN	BRANCHED-CHAINAMINOTRANSFERLEU-RXN
GLYCOGENSYNTH-PWY	NA	NA	NA	GLYCOGEN-BRANCH-RXN;PHOSPHOGLUCMUT-RXN;GLUC1PADENYLTRANS-RXN	GLYCOGEN-BRANCH-RXN;GLYCOGENSYN-RXN;GLUC1PADENYLTRANS-RXN	PHOSPHOGLUCMUT-RXN
PWY-6322	NA	NA		RXN-10837	RXN-10837	
PWY-5912	NA		NA	S-ADENMETSYN-RXN		S-ADENMETSYN-RXN
PWY-7003	NA	NA	NA	2PGADEHYDRAT-RXN;PEPDEPHOS-RXN;GAPOXNPHOSPHN-RXN;PHOSGLYPHOS-RXN;TRIOSEPISOMERIZATION-RXN	PWY-6583;2PGADEHYDRAT-RXN;PEPDEPHOS-RXN;GAPOXNPHOSPHN-RXN;PWY-6131;PHOSGLYPHOS-RXN;TRIOSEPISOMERIZATION-RXN	PWY-6131;TRIOSEPISOMERIZATION-RXN;2PGADEHYDRAT-RXN;PEPDEPHOS-RXN
PWY-7395	NA	NA	NA	3.5.1.80-RXN	TAGAKIN-RXN;TAGAALDOL-RXN;3.5.1.80-RXN	TAGAKIN-RXN
PWY-5852	NA	NA		DMK-RXN	DMK-RXN	
PWY-8013	NA	NA	NA	PGLUCISOM-RXN;L-GLN-FRUCT-6-P-AMINOTRANS-RXN	PGLUCISOM-RXN;L-GLN-FRUCT-6-P-AMINOTRANS-RXN	PGLUCISOM-RXN;L-GLN-FRUCT-6-P-AMINOTRANS-RXN
DARABITOLUTIL-PWY	NA	NA		XYLULOKIN-RXN	XYLULOKIN-RXN	
PWY-3801	NA	NA	NA	PHOSPHOGLUCMUT-RXN;PGLUCISOM-RXN	FRUCTOKINASE-RXN;PGLUCISOM-RXN;GLUC1PURIDYLTRANS-RXN	PHOSPHOGLUCMUT-RXN;FRUCTOKINASE-RXN;PGLUCISOM-RXN;GLUC1PURIDYLTRANS-RXN
PWY2DNV-11	NA	NA	NA	H2PTEROATESYNTH-RXN;RXN2DNV-43	H2PTEROATESYNTH-RXN	H2PTEROATESYNTH-RXN
PWYQT-4450	NA	NA	NA	RXN-18203;RXN-18201;RXN-18205;RXN-18207;RXN-18209	RXN-18203;RXN-18201;RXN-18205;RXN-18207;RXN-18209	RXN-18203;RXN-18201;RXN-18205;RXN-18207;RXN-18209
PWY-8188	NA	NA	NA	ALANINE-AMINOTRANSFERASE-RXN	ALANINE-AMINOTRANSFERASE-RXN;DLACTDEHYDROGNAD-RXN	ALANINE-AMINOTRANSFERASE-RXN
LYSINE-AMINOAD-PWY	NA			2-AMINOADIPATE-AMINOTRANSFERASE-RXN		
ILEUDEG-PWY	NA	NA	NA	BRANCHED-CHAINAMINOTRANSFERILEU-RXN	BRANCHED-CHAINAMINOTRANSFERILEU-RXN	BRANCHED-CHAINAMINOTRANSFERILEU-RXN
PWY-6901	NA	NA	NA	XYLCAT-PWY;2PGADEHYDRAT-RXN;PEPDEPHOS-RXN;PENTOSE-P-PWY;GAPOXNPHOSPHN-RXN;L-LACTATE-DEHYDROGENASE-RXN;2TRANSKETO-RXN;PHOSGLYPHOS-RXN	XYLCAT-PWY;2PGADEHYDRAT-RXN;PEPDEPHOS-RXN;PENTOSE-P-PWY;GAPOXNPHOSPHN-RXN;L-LACTATE-DEHYDROGENASE-RXN;2TRANSKETO-RXN;PHOSGLYPHOS-RXN;DLACTDEHYDROGNAD-RXN	2PGADEHYDRAT-RXN;PEPDEPHOS-RXN;PENTOSE-P-PWY;L-LACTATE-DEHYDROGENASE-RXN;2TRANSKETO-RXN
PWY-7384	NA	NA		PWY-5537;PROPIONYL-COA-CARBOXY-RXN;RXN-14963;SUCCCOASYN-RXN	RXN-14963	
PWY-4061	NA	NA	NA	RXN-15127;RXN-15124	RXN-15127;RXN-15124	RXN-15127;RXN-15124
PWY-561	NA	NA		RXN-14971;GLYOXYLATE-BYPASS	RXN-14971;GLYOXYLATE-BYPASS	
PWY66-21	NA	NA	NA	RXN66-3;ALCOHOL-DEHYDROG-RXN	ALCOHOL-DEHYDROG-RXN	ALCOHOL-DEHYDROG-RXN
P163-PWY	NA	NA	NA	ACETATEKIN-RXN;PHOSACETYLTRANS-RXN	ACETATEKIN-RXN;PHOSACETYLTRANS-RXN;ACETYL-COA-ACETYLTRANSFER-RXN	ACETATEKIN-RXN;PHOSACETYLTRANS-RXN
PWY-7805	NA	NA	NA	INORGPYROPHOSPHAT-RXN;ADENPRIBOSYLTRAN-RXN	INORGPYROPHOSPHAT-RXN;RXN0-7014;ADENPRIBOSYLTRAN-RXN	INORGPYROPHOSPHAT-RXN;ADENPRIBOSYLTRAN-RXN
PWY-8016	NA	NA	NA	TYROSINE-AMINOTRANSFERASE-RXN	TYROSINE-AMINOTRANSFERASE-RXN	TYROSINE-AMINOTRANSFERASE-RXN
PWY-7013	NA	NA	NA	PROPKIN-RXN	PROPKIN-RXN	PROPKIN-RXN
PWY-6606	NA		NA	RXN-7609		RXN-7609
PWY-7343	NA	NA	NA	PHOSPHOGLUCMUT-RXN	GLUC1PURIDYLTRANS-RXN	PHOSPHOGLUCMUT-RXN;GLUC1PURIDYLTRANS-RXN
PWY-5031	NA	NA	NA	RXN-7572	RXN-7572	RXN-7572
PWY-7269	NA	NA	NA	NAD-KIN-RXN	NAD-KIN-RXN	NAD-KIN-RXN
PYRUVDEHYD-PWY	NA	NA	NA	RXN0-1132;RXN0-1134;RXN0-1133	RXN0-1132;RXN0-1134;RXN0-1133	RXN0-1132;RXN0-1133
PWY-7892	NA	NA	NA	RXN-22700	RXN-22700;RXN0-2023	RXN-22700;RXN0-2023
PWY-7242	NA	NA		DEOXYGLUCONOKIN-RXN	DEOXYGLUCONOKIN-RXN;KDPGALDOL-RXN;MANNONDEHYDRAT-RXN	
PWY-3821	NA	NA	NA	GALACTOKIN-RXN;UDPGLUCEPIM-RXN	GALACTOKIN-RXN;UDPGLUCEPIM-RXN	GALACTOKIN-RXN;UDPGLUCEPIM-RXN
PWY-6545	NA	NA	NA	DTMPKI-RXN;UDPREDUCT-RXN;CDPREDUCT-RXN;DUTP-PYROP-RXN	CDPREDUCT-RXN;DUTP-PYROP-RXN;DTMPKI-RXN;RXN-12195;UDPREDUCT-RXN	CDPREDUCT-RXN;DUTP-PYROP-RXN;DCDPKIN-RXN;DTMPKI-RXN;DTDPKIN-RXN;DUDPKIN-RXN;UDPREDUCT-RXN
FASYN-ELONG-PWY	NA	NA	NA	3-OXOACYL-ACP-SYNTH-RXN;3-OXOACYL-ACP-REDUCT-RXN	3-OXOACYL-ACP-SYNTH-RXN;ENOYL-ACP-REDUCT-NADPH-RXN;3-HYDROXYDECANOYL-ACP-DEHYDR-RXN;ENOYL-ACP-REDUCT-NADH-RXN;3-OXOACYL-ACP-REDUCT-RXN	3-HYDROXYDECANOYL-ACP-DEHYDR-RXN;3-OXOACYL-ACP-SYNTH-RXN;3-OXOACYL-ACP-REDUCT-RXN
GLYCINE-SYN2-PWY	NA	NA	NA	RXN-8629	RXN-8629	GCVT-RXN;RXN-8629
PWY-5744	NA	NA	NA	RXN0-5224	BIOTIN-CARBOXYL-RXN;RXN0-5055	BIOTIN-CARBOXYL-RXN;RXN0-5224;RXN0-5055
PWY1QP9-2	NA	NA		RXN-20900	RXN-20900	
GLYSYN-THR-PWY	NA			THREONINE-ALDOLASE-RXN		
PWY-6643	NA	NA	NA	RXN-11737	RXN-11737	RXN-11737
PWY-5108	NA	NA	NA	BRANCHED-CHAINAMINOTRANSFERILEU-RXN	BRANCHED-CHAINAMINOTRANSFERILEU-RXN	BRANCHED-CHAINAMINOTRANSFERILEU-RXN
PWY-6724	NA	NA	NA	RXN-12391	RXN-12391	RXN-12391
PWY-5695	NA	NA	NA	XMPXAN-RXN;IMP-DEHYDROG-RXN	XANTHOSINEPHOSPHORY-RXN;IMP-DEHYDROG-RXN	XANTHOSINEPHOSPHORY-RXN;XMPXAN-RXN;IMP-DEHYDROG-RXN
ANAPHENOXI-PWY	NA	NA	NA	RXN-10814	RXN-10814	RXN-10814
PWY-7357	NA	NA		THIAZOLSYN3-RXN;PYRIMSYN3-RXN;OHMETPYRKIN-RXN	THI-P-SYN-RXN;PYRIMSYN3-RXN;OHMETPYRKIN-RXN;THIAZOLSYN3-RXN	
PWY-6012	NA	NA	NA	HOLO-ACP-SYNTH-RXN	HOLO-ACP-SYNTH-RXN	HOLO-ACP-SYNTH-RXN
PWY0-1471	NA	NA	NA	RXN0-5222	RXN0-5222	RXN0-5222
PWY-7396	NA	NA	NA	RXN-14986	RXN-14986;RXN-7657	RXN-14986
GLUTSYNIII-PWY	NA		NA	GLUTDEHYD-RXN		GLUTDEHYD-RXN
PWY0-662	NA	NA	NA	PRPPSYN-RXN	PRPPSYN-RXN	PRPPSYN-RXN
PWY-5269	NA	NA	NA	PHOSPHAGLYPSYN-RXN	RXN-8141;PHOSPHAGLYPSYN-RXN	RXN-8141;PHOSPHAGLYPSYN-RXN
P42-PWY	NA	NA		SUCCCOASYN-RXN;R601-RXN	PYRUFLAVREDUCT-RXN;R601-RXN	
PWY4FS-8	NA	NA	NA	PWY-5667;PHOSPHAGLYPSYN-RXN	PWY-5667;PHOSPHAGLYPSYN-RXN	PWY-5667;PHOSPHAGLYPSYN-RXN
PWY4LZ-257	NA	NA	NA	PWY-5600;PWY-5486;ACETATEKIN-RXN;PYRUVFORMLY-RXN;ALCOHOL-DEHYDROG-RXN;PWY-5480;PHOSACETYLTRANS-RXN	PWY-5600;PWY-5486;ACETATEKIN-RXN;PYRUVFORMLY-RXN;ALCOHOL-DEHYDROG-RXN;PWY-5480;PHOSACETYLTRANS-RXN;DLACTDEHYDROGNAD-RXN	PWY-5600;PWY-5486;ACETATEKIN-RXN;PYRUVFORMLY-RXN;ALCOHOL-DEHYDROG-RXN;PWY-5480;PHOSACETYLTRANS-RXN
PWY-1001	NA			CELLULOSE-SYNTHASE-UDP-FORMING-RXN		
PWY-5485	NA	NA	NA	PWY0-1312;ACETATEKIN-RXN;PYRUVFORMLY-RXN;PHOSACETYLTRANS-RXN	PWY0-1312;ACETATEKIN-RXN;PYRUVFORMLY-RXN;PHOSACETYLTRANS-RXN	PWY0-1312;ACETATEKIN-RXN;PYRUVFORMLY-RXN;PHOSACETYLTRANS-RXN
TEICHOICACID-PWY	NA	NA	NA	TEICHOICSYN4-RXN;RXN-18028	RXN-18014;UDPGLCNACEPIM-RXN;TEICHOICSYN5-RXN;GLCNACPTRANS-RXN;RXN-18028	RXN-18014;TEICHOICSYN5-RXN;GLCNACPTRANS-RXN;RXN-18028
ARGSYN-PWY	NA	NA	NA	ARGSUCCINLYA-RXN;GLUTORN-PWY;ORNCARBAMTRANSFER-RXN;ARGSUCCINSYN-RXN;CARBPSYN-RXN	ARGSUCCINLYA-RXN;GLUTORN-PWY;ORNCARBAMTRANSFER-RXN;ARGSUCCINSYN-RXN;CARBPSYN-RXN	ARGSUCCINLYA-RXN;GLUTORN-PWY;ORNCARBAMTRANSFER-RXN;ARGSUCCINSYN-RXN;CARBPSYN-RXN
FERMENTATION-PWY	NA	NA	NA	R601-RXN;PEPDEPHOS-RXN;ISOCITDEH-RXN;CITSYN-RXN;ACETATEKIN-RXN;ALCOHOL-DEHYDROG-RXN;PEPCARBOX-RXN;PYRUVFORMLY-RXN;PHOSACETYLTRANS-RXN	R601-RXN;PEPDEPHOS-RXN;ISOCITDEH-RXN;ACETATEKIN-RXN;ALCOHOL-DEHYDROG-RXN;PYRUVFORMLY-RXN;PHOSACETYLTRANS-RXN;DLACTDEHYDROGNAD-RXN	PEPDEPHOS-RXN;ISOCITDEH-RXN;CITSYN-RXN;ACETATEKIN-RXN;ALCOHOL-DEHYDROG-RXN;PEPCARBOX-RXN;PYRUVFORMLY-RXN;PHOSACETYLTRANS-RXN
TRPSYN-PWY	NA	NA	NA	PRAISOM-RXN;ANTHRANSYN-RXN;PRTRANS-RXN	PRAISOM-RXN;IGPSYN-RXN;ANTHRANSYN-RXN;PRTRANS-RXN	PRAISOM-RXN;IGPSYN-RXN;ANTHRANSYN-RXN;PRTRANS-RXN
PWY-8231	NA	NA	NA	RXN-14560	GLCNACPTRANS-RXN	GLCNACPTRANS-RXN
PWY-8106	NA	NA	NA	RXN0-1321	RXN0-1342;RXN0-1321	RXN0-1342;RXN-12104
PWY-6153	NA	NA	NA	RXN-10015;RXN-10017;RIBOSYLHOMOCYSTEINASE-RXN;ADENOSYLHOMOCYSTEINE-NUCLEOSIDASE-RXN	RXN-10015;RXN-10017;RIBOSYLHOMOCYSTEINASE-RXN;ADENOSYLHOMOCYSTEINE-NUCLEOSIDASE-RXN	RXN-10015;RXN-10017;RIBOSYLHOMOCYSTEINASE-RXN;ADENOSYLHOMOCYSTEINE-NUCLEOSIDASE-RXN
P105-PWY	NA	NA	NA	CITSYN-RXN;RXN-14971;ISOCITDEH-RXN	RXN-14971;ISOCITDEH-RXN	CITSYN-RXN;ISOCITDEH-RXN
PWY-7562	NA	NA		DEOXYGLUCONOKIN-RXN	DEOXYGLUCONOKIN-RXN;KDPGALDOL-RXN	
PWY-7883	NA	NA	NA	RXN0-5226;RXN0-5225	RXN0-5226;RXN0-5225	RXN0-5225
PYRIDOXSYN-PWY	NA	NA	NA	DXS-RXN;PSERTRANSAMPYR-RXN	DXS-RXN;PSERTRANSAMPYR-RXN	PSERTRANSAMPYR-RXN
P121-PWY	NA	NA	NA	ADENPRIBOSYLTRAN-RXN	ADENPRIBOSYLTRAN-RXN;ADENPHOSPHOR-RXN	ADENPRIBOSYLTRAN-RXN;ADENPHOSPHOR-RXN
PWY-8175	NA	NA	NA	BRANCHED-CHAINAMINOTRANSFERVAL-RXN	BRANCHED-CHAINAMINOTRANSFERVAL-RXN	BRANCHED-CHAINAMINOTRANSFERVAL-RXN
PWY-5754	NA	NA	NA	TYROSINE-AMINOTRANSFERASE-RXN	TYROSINE-AMINOTRANSFERASE-RXN	TYROSINE-AMINOTRANSFERASE-RXN
DTDPRHAMSYN-PWY	NA	NA	NA	DTDPGLUCOSEPP-RXN;PHOSPHOGLUCMUT-RXN;DTDPDEHYDRHAMEPIM-RXN;DTDPGLUCDEHYDRAT-RXN	DTDPGLUCOSEPP-RXN;DTDPDEHYDRHAMEPIM-RXN;DTDPGLUCDEHYDRAT-RXN;DTDPDEHYRHAMREDUCT-RXN	DTDPGLUCOSEPP-RXN;PHOSPHOGLUCMUT-RXN;DTDPDEHYRHAMREDUCT-RXN;DTDPDEHYDRHAMEPIM-RXN;DTDPGLUCDEHYDRAT-RXN
PWY-101	NA	NA	NA	1.18.1.2-RXN	1.18.1.2-RXN	1.18.1.2-RXN
PWY-8049	NA	NA	NA	RXN-20498;RXN-20490	RXN-20498;RXN-20490	RXN-20498;RXN-20490
PWY-5083	NA	NA	NA	PYRNUTRANSHYDROGEN-RXN;NAD-KIN-RXN;NADH-DEHYDROG-A-RXN	NAD-KIN-RXN;NADH-DEHYDROG-A-RXN	NAD-KIN-RXN;NADH-DEHYDROG-A-RXN
PWY-6333	NA	NA	NA	ALCOHOL-DEHYDROG-RXN	ALCOHOL-DEHYDROG-RXN	ALCOHOL-DEHYDROG-RXN
PWY-702	NA	NA	NA	HOMOSERKIN-RXN;CYSPH-RXN;RXN-15127;RXN-15124;HOMOCYSMET-RXN	HOMOSERKIN-RXN;CYSPH-RXN;RXN-15127;RXN-15124;HOMOCYSMET-RXN	HOMOSERKIN-RXN;CYSPH-RXN;RXN-15127;RXN-15124;HOMOCYSMET-RXN
PWY-7981	NA	NA		2.7.7.40-RXN	2.7.7.40-RXN	
PWY-241	NA		NA	PEPCARBOX-RXN;RXN0-5224		PEPCARBOX-RXN;RXN0-5224
P341-PWY	NA	NA	NA	2PGADEHYDRAT-RXN;PEPDEPHOS-RXN;PGLUCISOM-RXN;F16ALDOLASE-RXN;TRIOSEPISOMERIZATION-RXN	2PGADEHYDRAT-RXN;PEPDEPHOS-RXN;PGLUCISOM-RXN;F16ALDOLASE-RXN;TRIOSEPISOMERIZATION-RXN	PGLUCISOM-RXN;TRIOSEPISOMERIZATION-RXN;2PGADEHYDRAT-RXN;PEPDEPHOS-RXN
PWY-3581	NA	NA	NA	TYROSINE-AMINOTRANSFERASE-RXN	TYROSINE-AMINOTRANSFERASE-RXN	TYROSINE-AMINOTRANSFERASE-RXN
PWY-2622	NA			5.4.99.16-RXN		
PWY-7731	NA	NA		RXN-12303;PWY-6785;PWY-101	RXN-12303;PWY-101	
ALKANEMONOX-PWY	NA	NA		RXN-12444	RXN-12444	
PWY0-1582	NA	NA		R601-RXN	R601-RXN	
PWY-7220	NA	NA	NA	RXN0-745;ADPREDUCT-RXN;RXN0-747	RXN0-745;ADPREDUCT-RXN;RXN0-747	DADPKIN-RXN;RXN0-745;ADPREDUCT-RXN;RXN0-747
PWY-8179	NA	NA	NA	ASPARTATE-SEMIALDEHYDE-DEHYDROGENASE-RXN;ASPARTATEKIN-RXN	ASPARTATE-SEMIALDEHYDE-DEHYDROGENASE-RXN;ASPARTATEKIN-RXN	ASPARTATE-SEMIALDEHYDE-DEHYDROGENASE-RXN;ASPARTATEKIN-RXN
PWY66-385	NA	NA	NA	DIHYDROFOLATEREDUCT-RXN;THYMIDYLATESYN-RXN	DIHYDROFOLATEREDUCT-RXN;GLYOHMETRANS-RXN;THYMIDYLATESYN-RXN	DIHYDROFOLATEREDUCT-RXN;GLYOHMETRANS-RXN;THYMIDYLATESYN-RXN
PWY-6891	NA	NA		DXS-RXN;THIAZOLSYN2-RXN	DXS-RXN	
ARGININE-SYN4-PWY	NA	NA	NA	GLUTKIN-RXN;GLUTSEMIALDEHYDROG-RXN	GLUTKIN-RXN;GLUTSEMIALDEHYDROG-RXN	GLUTKIN-RXN;GLUTSEMIALDEHYDROG-RXN
GLUCONSUPER-PWY	NA			GLUCONOKIN-RXN		
PWY-3861	NA	NA	NA	RXN-14500	MANNPISOM-RXN	MANNPISOM-RXN
ARG-PRO-PWY	NA	NA	NA	SPONTPRO-RXN;PYRROLINECARBREDUCT-RXN	SPONTPRO-RXN;PYRROLINECARBREDUCT-RXN	SPONTPRO-RXN;PYRROLINECARBREDUCT-RXN
PWY-1722	NA	NA	NA	FORMATETHFLIG-RXN	FORMATETHFLIG-RXN	FORMATETHFLIG-RXN
PWY-5668	NA	NA	NA	PHOSPHAGLYPSYN-RXN	CARDIOLIPSYN-RXN;PHOSPHAGLYPSYN-RXN	CARDIOLIPSYN-RXN;PHOSPHAGLYPSYN-RXN
PWY-6142	NA	NA	NA	2PGADEHYDRAT-RXN;PEPDEPHOS-RXN;PGLUCISOM-RXN;F16ALDOLASE-RXN;RXN0-5224;PEPCARBOX-RXN;TRIOSEPISOMERIZATION-RXN	PYRUFLAVREDUCT-RXN;2PGADEHYDRAT-RXN;PEPDEPHOS-RXN;PGLUCISOM-RXN;F16ALDOLASE-RXN;TRIOSEPISOMERIZATION-RXN	2PGADEHYDRAT-RXN;PEPDEPHOS-RXN;PGLUCISOM-RXN;RXN0-5224;PEPCARBOX-RXN;TRIOSEPISOMERIZATION-RXN
PWY-8174	NA	NA	NA	BRANCHED-CHAINAMINOTRANSFERLEU-RXN	BRANCHED-CHAINAMINOTRANSFERLEU-RXN	BRANCHED-CHAINAMINOTRANSFERLEU-RXN
PWY-6610	NA	NA	NA	HYPOXANPRIBOSYLTRAN-RXN;ADENPRIBOSYLTRAN-RXN	HYPOXANPRIBOSYLTRAN-RXN;ADENPRIBOSYLTRAN-RXN	HYPOXANPRIBOSYLTRAN-RXN;ADENPRIBOSYLTRAN-RXN
PWY-8047	NA	NA	NA	RXN-20481;RXN-20482	RXN-20481;RXN-20482	RXN-20481;RXN-20482
PWY0-1301	NA			ALPHAGALACTOSID-RXN		
PWY-5484	NA	NA	NA	2PGADEHYDRAT-RXN;PEPDEPHOS-RXN;F16ALDOLASE-RXN;GAPOXNPHOSPHN-RXN;PHOSGLYPHOS-RXN;TRIOSEPISOMERIZATION-RXN;RXN-15513	6PFRUCTPHOS-RXN;2PGADEHYDRAT-RXN;PEPDEPHOS-RXN;F16ALDOLASE-RXN;F16BDEPHOS-RXN;GAPOXNPHOSPHN-RXN;PHOSGLYPHOS-RXN;TRIOSEPISOMERIZATION-RXN;RXN-15513	6PFRUCTPHOS-RXN;2PGADEHYDRAT-RXN;PEPDEPHOS-RXN;F16BDEPHOS-RXN;TRIOSEPISOMERIZATION-RXN;RXN-15513
PWY-5690	NA	NA	NA	CITSYN-RXN;RXN-14971;SUCCCOASYN-RXN	RXN-14971	CITSYN-RXN
PWY-7666	NA			RXN-16648		
PWY-2722	NA	NA	NA	GLUCOKIN-RXN	BETA-PHOSPHOGLUCOMUTASE-RXN;GLUCOKIN-RXN	GLUCOKIN-RXN
PWY-701	NA	NA	NA	RXN-15121;RXN-15123	RXN-15121;RXN-15123	RXN-15121;RXN-15123
PWY-6596	NA	NA	NA	XMPXAN-RXN;RXN-7607;IMP-DEHYDROG-RXN	IMP-DEHYDROG-RXN	XMPXAN-RXN;RXN-7607;IMP-DEHYDROG-RXN
PWY-7442	NA	NA	NA	GTP-CYCLOHYDRO-I-RXN	GTP-CYCLOHYDRO-I-RXN	GTP-CYCLOHYDRO-I-RXN
PWY-6164	NA	NA	NA	3-DEHYDROQUINATE-SYNTHASE-RXN;DAHPSYN-RXN	3-DEHYDROQUINATE-SYNTHASE-RXN;DAHPSYN-RXN	3-DEHYDROQUINATE-SYNTHASE-RXN;DAHPSYN-RXN
PWY-6531	NA	NA	NA	RXN-14515	FRUCTOKINASE-RXN;MANNPDEHYDROG-RXN;RXN-14515	FRUCTOKINASE-RXN
PWY-5481	NA	NA	NA	L-LACTATE-DEHYDROGENASE-RXN	L-LACTATE-DEHYDROGENASE-RXN	L-LACTATE-DEHYDROGENASE-RXN
PWY-7684	NA	NA	NA	2.4.1.157-RXN	2.4.1.208-RXN;2.4.1.157-RXN	2.4.1.208-RXN;2.4.1.157-RXN
PWY0-1335	NA	NA	NA	NADH-DEHYDROG-A-RXN	NADH-DEHYDROG-A-RXN	NADH-DEHYDROG-A-RXN
ALACAT2-PWY	NA	NA	NA	ALANINE-AMINOTRANSFERASE-RXN	ALANINE-AMINOTRANSFERASE-RXN;DLACTDEHYDROGNAD-RXN	ALANINE-AMINOTRANSFERASE-RXN
PWY-5151	NA	NA	NA	TYROSINE-AMINOTRANSFERASE-RXN	TYROSINE-AMINOTRANSFERASE-RXN	TYROSINE-AMINOTRANSFERASE-RXN
PWY-8178	NA	NA	NA	SEDOBISALDOL-RXN;1TRANSKETO-RXN;RIBULP3EPIM-RXN;RIB5PISOM-RXN;2TRANSKETO-RXN	SEDOBISALDOL-RXN;1TRANSKETO-RXN;RIBULP3EPIM-RXN;RIB5PISOM-RXN;2TRANSKETO-RXN	2TRANSKETO-RXN;RIBULP3EPIM-RXN;1TRANSKETO-RXN;RIB5PISOM-RXN
PWY-5703	NA	NA	NA	RXN0-5222	RXN0-5222	RXN0-5222
PWY-8206		NA	NA		GLCNACPTRANS-RXN	GLCNACPTRANS-RXN
PWY-8279		NA	NA		RXN-9531;RXN-9528;RXN-9514;4.2.1.59-RXN;RXN-9533;RXN-9540;RXN-9532;RXN-9655;RXN-9537;RXN-9527;RXN-9623;RXN-9518;RXN-9539;RXN-9523;RXN-9524;RXN-9535;RXN-9516;RXN-9520;4.2.1.58-RXN;RXN-9536;4.2.1.61-RXN	RXN-9533;RXN-9655
PWY-7586		NA	NA		MANNPISOM-RXN	MANNPISOM-RXN
ASPARAGINE-BIOSYNTHESIS		NA			ASNSYNB-RXN	
PWY-8241		NA	NA		GLCNACPTRANS-RXN	GLCNACPTRANS-RXN
PWY-8218		NA	NA		GLCNACPTRANS-RXN	RXN-14559;GLCNACPTRANS-RXN
PWY-8242		NA	NA		GLCNACPTRANS-RXN	GLCNACPTRANS-RXN
GALACTARDEG-PWY		NA	NA		GKI-RXN;TSA-REDUCT-RXN	GKI-RXN
PWY-5517		NA			RXN-14809	
PWY-6174		NA	NA		IPPISOM-RXN;HYDROXYMETHYLGLUTARYL-COA-SYNTHASE-RXN;ACETYL-COA-ACETYLTRANSFER-RXN	HYDROXYMETHYLGLUTARYL-COA-SYNTHASE-RXN
PWY-7401		NA			ACETYL-COA-ACETYLTRANSFER-RXN	
PWY-4181		NA			RXN-6702	
PWY0-1303		NA			LYSDECARBOX-RXN	
PWY-6583		NA			PYRUFLAVREDUCT-RXN;ACETYL-COA-ACETYLTRANSFER-RXN	
PWY-7626		NA			RXN-16285	
PWY-7174		NA	NA		O-ACETYLHOMOSERINE-THIOL-LYASE-RXN	O-ACETYLHOMOSERINE-THIOL-LYASE-RXN
PWY-5757		NA			RXN-9010	
PWY-1801		NA	NA		S-FORMYLGLUTATHIONE-HYDROLASE-RXN	RXN-2961
HEXPPSYN-PWY		NA			TRANS-PENTAPRENYLTRANSFERASE-RXN	
PWY-8252		NA	NA		GLCNACPTRANS-RXN	GLCNACPTRANS-RXN
PWY-7179-1		NA	NA		DEOXYINOPHOSPHOR-RXN;DEOXYGUANPHOSPHOR-RXN;ADDALT-RXN	DEOXYINOPHOSPHOR-RXN;DEOXYGUANPHOSPHOR-RXN;ADDALT-RXN
PWY-7685		NA			RXN-16819	
PWY-6717		NA			3.2.1.37-RXN	
PWY-7887		NA	NA		RXN-18693	RXN-18693
PWY-8324		NA			TAGAALDOL-RXN	
GLUDEG-I-PWY		NA	NA		GLUTDECARBOX-RXN	GLUTDECARBOX-RXN
PWY-5972		NA			RXN-9623	
PWY3DJ-11470		NA			RXN-9623	
PWY-6214		NA	NA		RXN-8529	RXN-8529
PWY-6588		NA			PYRUFLAVREDUCT-RXN;ACETYL-COA-ACETYLTRANSFER-RXN	
PWY-6679		NA	NA		ACETYL-COA-CARBOXYLTRANSFER-RXN	ACETYL-COA-CARBOXYLTRANSFER-RXN
PWY-7310		NA			KDPGALDOL-RXN	
PWY0-1601		NA			LYSDECARBOX-RXN	
PWY-7663		NA	NA		RXN-16632;RXN-16630;RXN-16631;RXN-16629	RXN-16630;RXN-16631;RXN-16629
PWY-7216		NA			ACETYL-COA-ACETYLTRANSFER-RXN	
PWY-6375		NA			LYSDECARBOX-RXN	
PWY-5177		NA			ACETYL-COA-ACETYLTRANSFER-RXN	
PWY-6859		NA	NA		IPPISOM-RXN;GPPSYN-RXN;FPPSYN-RXN	GPPSYN-RXN;FPPSYN-RXN
PWY0-1295		NA	NA		URPHOS-RXN;CYTIDEAM2-RXN	CYTIDEAM2-RXN
PWY-8260		NA			3.6.3.16-RXN	
PWY0-1568		NA			RXN0-5266	
PWY-6328		NA			LYSDECARBOX-RXN	
SUCROSEUTIL2-PWY		NA	NA		FRUCTOKINASE-RXN	FRUCTOKINASE-RXN
PWY-6556		NA	NA		CYTIDEAM2-RXN	CYTIDEAM2-RXN
PWY-8321		NA			ISOCHORSYN-RXN	
PWY-6148		NA	NA		H2NEOPTERINALDOL-RXN	H2NEOPTERINALDOL-RXN;RXN-15733
PWY-7181		NA	NA		THYM-PHOSPH-RXN;URA-PHOSPH-RXN;CYTIDEAM-RXN	CYTIDEAM-RXN
PWY-7420		NA			RXN-15089;RXN-15088	
PWY-6381		NA			LYSDECARBOX-RXN	
PWY-7870		NA	NA		SERINE-O-ACETTRAN-RXN	SERINE-O-ACETTRAN-RXN
CYSTSYN-PWY		NA	NA		ACSERLY-RXN;SERINE-O-ACETTRAN-RXN	ACSERLY-RXN;SERINE-O-ACETTRAN-RXN
PWY-6883		NA			ACETYL-COA-ACETYLTRANSFER-RXN	
PWY-6654		NA	NA		2-DEHYDROPANTOATE-REDUCT-RXN	2-DEHYDROPANTOATE-REDUCT-RXN
PWY66-430		NA	NA		RXN-9520;4.2.1.58-RXN;RXN-9518;RXN-9532;RXN-9528;RXN-9514;4.2.1.59-RXN;RXN-9536;RXN-9655;RXN-9524;RXN-9533;RXN-9537	RXN-9533;RXN-9655
PWY-5123		NA	NA		GPPSYN-RXN;FPPSYN-RXN	GPPSYN-RXN;FPPSYN-RXN
PWY-735		NA	NA		RXN-745	RXN-745;RXN-10708
PWY-6961		NA			RIBULPEPIM-RXN	
PWY-8032		NA	NA		PABASYN-RXN	PABASYN-RXN
PWY0-461		NA			LYSDECARBOX-RXN	
PWY-7459		NA			BETA-PHOSPHOGLUCOMUTASE-RXN	
PWY-5483		NA			PYRUFLAVREDUCT-RXN	
ACETOACETATE-DEG-PWY		NA			ACETYL-COA-ACETYLTRANSFER-RXN	
PWY-7006		NA	NA		RXN-8529	RXN-8529
PWY-7736		NA	NA		GPPSYN-RXN;FPPSYN-RXN	GPPSYN-RXN;FPPSYN-RXN
PWY-8250		NA	NA		GLCNACPTRANS-RXN	GLCNACPTRANS-RXN
FASYN-INITIAL-PWY		NA			PWY-4381;3-OXOACYL-ACP-SYNTH-BASE-RXN	
PWY-5512		NA			UDP-N-ACETYLGLUCOSAMINE-4-EPIMERASE-RXN	
PWY0-42		NA	NA		2-METHYLCITRATE-SYNTHASE-RXN	2-METHYLCITRATE-SYNTHASE-RXN
PWY-8234		NA	NA		GLCNACPTRANS-RXN	GLCNACPTRANS-RXN
PWY1-3		NA			ACETYL-COA-ACETYLTRANSFER-RXN	
PWY-8071		NA	NA		SERINE-O-ACETTRAN-RXN	SERINE-O-ACETTRAN-RXN
ARABCAT-PWY		NA			RXN-14809;ARABISOM-RXN;RXN0-5116;RIBULPEPIM-RXN	
PWY-5419		NA	NA		RXN-8529	CATECHOL-23-DIOXYGENASE-RXN;RXN-8529
PWY-6857		NA			RXN-12575	
PWY-6478		NA			RXN-11364	
PWY-5468		NA			LYSDECARBOX-RXN	
PWY0-541		NA			2.1.1.79-RXN	
PWY-8235		NA	NA		GLCNACPTRANS-RXN	GLCNACPTRANS-RXN
PWY-7094		NA			RXN-13617	
PWY-5344		NA	NA		ACETYLHOMOSER-CYS-RXN	ACETYLHOMOSER-CYS-RXN
PWY-8222		NA	NA		GLCNACPTRANS-RXN	GLCNACPTRANS-RXN
PWY-7274		NA	NA		SERINE-O-ACETTRAN-RXN	SERINE-O-ACETTRAN-RXN
PWY-6876		NA			PYRUFLAVREDUCT-RXN;ACETYL-COA-ACETYLTRANSFER-RXN	
PWY0-1296		NA	NA		INOPHOSPHOR-RXN;RXN0-5199;ADENODEAMIN-RXN;PPENTOMUT-RXN;XANTHOSINEPHOSPHORY-RXN;ADENPHOSPHOR-RXN	INOPHOSPHOR-RXN;RXN0-5199;ADENODEAMIN-RXN;PPENTOMUT-RXN;XANTHOSINEPHOSPHORY-RXN;ADENPHOSPHOR-RXN
PWY-7524		NA	NA		IPPISOM-RXN;HYDROXYMETHYLGLUTARYL-COA-SYNTHASE-RXN;ACETYL-COA-ACETYLTRANSFER-RXN	HYDROXYMETHYLGLUTARYL-COA-SYNTHASE-RXN
PWY-6376		NA			LYSDECARBOX-RXN	
PWY-4621		NA			RXN-21019;RXN-22315;RXN-982	
PWY-8208		NA	NA		GLCNACPTRANS-RXN	GLCNACPTRANS-RXN
PWY-6406		NA			ISOCHORSYN-RXN	
PWY-7820		NA			UDP-N-ACETYLGLUCOSAMINE-4-EPIMERASE-RXN	
PWY-8209		NA	NA		GLCNACPTRANS-RXN	GLCNACPTRANS-RXN
PWY8J2-1		NA			RXN8J2-1	
PWY-8224		NA	NA		GLCNACPTRANS-RXN	GLCNACPTRANS-RXN
PWY2DNV-5		NA	NA		GLCNACPTRANS-RXN	GLCNACPTRANS-RXN
PWY-5971		NA	NA		RXN-9658;RXN-9531;RXN-9528;RXN-9514;4.2.1.59-RXN;RXN-9533;RXN-9540;RXN-9532;RXN-16393;RXN-9655;RXN-9537;RXN-9659;RXN-9527;RXN-9623;RXN-9518;RXN-9539;RXN-9661;RXN-9657;RXN-9523;RXN-9524;RXN-9535;RXN-9516;RXN-9520;4.2.1.58-RXN;RXN-9662;RXN-9660;RXN-9536;RXN-9663;4.2.1.61-RXN	RXN-9533;RXN-9655
PWY-5837		NA			RXN-9310;ISOCHORSYN-RXN;2.5.1.64-RXN;NAPHTHOATE-SYN-RXN;O-SUCCINYLBENZOATE-COA-SYN-RXN;O-SUCCINYLBENZOATE-COA-LIG-RXN	
ASPARAGINE-DEG1-PWY		NA	NA		ASPARAGHYD-RXN	ASPARAGHYD-RXN
PWY-7205		NA	NA		RXN-11832	RXN-11832;CDPKIN-RXN
PWY-7539		NA	NA		H2NEOPTERINALDOL-RXN	H2NEOPTERINALDOL-RXN;H2PTERIDINEPYROPHOSPHOKIN-RXN
P142-PWY		NA			PWY0-1312;PYRUFLAVREDUCT-RXN	
PWY-5600		NA			PWY0-1312;PYRUFLAVREDUCT-RXN	
PWY-7721		NA	NA		FPPSYN-RXN	FPPSYN-RXN
PWY-8257		NA	NA		GLCNACPTRANS-RXN	GLCNACPTRANS-RXN
PWY-7096		NA			RXN-17126	
PWY-8232		NA	NA		GLCNACPTRANS-RXN	GLCNACPTRANS-RXN
MANNCAT-PWY		NA	NA		MANNPISOM-RXN;TRANS-RXN-165	MANNPISOM-RXN;TRANS-RXN-165
PWY3O-450		NA			CHOLINE-KINASE-RXN	
PWY-4202		NA			RXN-21019	
PWY-5966-1		NA	NA		ACETYL-COA-CARBOXYLTRANSFER-RXN	ACETYL-COA-CARBOXYLTRANSFER-RXN
PWY-6461		NA			RXN-11342	
PWY0-1275		NA			RXN0-5098	
PWY-7009		NA	NA		RXN-8529	RXN-8529
PWY-6952		NA			GLYCPDIESTER-RXN	
PWY-8207		NA	NA		GLCNACPTRANS-RXN;UDPGLCNACEPIM-RXN	GLCNACPTRANS-RXN
PWY-5807		NA			TRANS-HEXAPRENYLTRANSTRANSFERASE-RXN	
MENAQUINONESYN-PWY		NA			ADOMET-DMK-METHYLTRANSFER-RXN	
MALTOSECAT-PWY		NA			BETA-PHOSPHOGLUCOMUTASE-RXN;MALTOSE-PHOSPHORYLASE-RXN	
LACTOSECAT-PWY		NA	NA		TAGAKIN-RXN;LACTOSE-6-PHOSPHATE-ISOMERASE-RXN;LACTOSE6P-HYDROXY-RXN;TAGAALDOL-RXN	TAGAKIN-RXN
HEME-BIOSYNTHESIS-II		NA	NA		PROTOHEMEFERROCHELAT-RXN	PROTOHEMEFERROCHELAT-RXN
PWY0-301		NA	NA		RXN0-2461;RIBULPEPIM-RXN	RXN0-5214
PWY-7782		NA			CHOLINE-KINASE-RXN	
PWY-5074		NA	NA		HYDROXYMETHYLGLUTARYL-COA-REDUCTASE-RXN	HYDROXYMETHYLGLUTARYL-COA-REDUCTASE-RXN
PWY-7182		NA	NA		GPPSYN-RXN	GPPSYN-RXN
HEME-BIOSYNTHESIS-II-1		NA	NA		PROTOHEMEFERROCHELAT-RXN	PROTOHEMEFERROCHELAT-RXN
PWY-6454		NA			DLACTDEHYDROGNAD-RXN	
PWY-8221		NA	NA		GLCNACPTRANS-RXN	GLCNACPTRANS-RXN
PWY-7335		NA			UDPGLCNACEPIM-RXN	
2ASDEG-PWY		NA	NA		RXN-8529	RXN-8529
PWY-7545		NA			RXN0-5266	
GLYSYN-PWY		NA	NA		GLYOHMETRANS-RXN	GLYOHMETRANS-RXN
PWY-6303		NA			RXN-10711	
PWY1G-0		NA	NA		RXN1G-4	RXN1G-4
PWY-7102		NA	NA		IPPISOM-RXN;GPPSYN-RXN;FPPSYN-RXN	GPPSYN-RXN;FPPSYN-RXN
PWY-7571		NA	NA		HYDROXYMETHYLGLUTARYL-COA-SYNTHASE-RXN	HYDROXYMETHYLGLUTARYL-COA-SYNTHASE-RXN
PWY-8329		NA			RXN-14809	
PWY-7480		NA	NA		RXN-8529	RXN-8529
MANNIDEG-PWY		NA			MANNPDEHYDROG-RXN	
PWY-7378		NA			THREOSPON-RXN	
PWY-6543		NA	NA		PABASYN-RXN	PABASYN-RXN
PWY-3661-1		NA	NA		GLYOHMETRANS-RXN	GLYOHMETRANS-RXN
HEMESYN2-PWY		NA	NA		PROTOHEMEFERROCHELAT-RXN	PROTOHEMEFERROCHELAT-RXN
PWY-6894		NA			RXN-12611	
PWY-2721		NA			BETA-PHOSPHOGLUCOMUTASE-RXN;2.4.1.216-RXN	
PWY-8253		NA	NA		GLCNACPTRANS-RXN	GLCNACPTRANS-RXN
PWY-7536		NA			RXN-15715;RXN-15714	
PWY-6908		NA	NA		THI-P-SYN-RXN;THIAMIN-PYROPHOSPHOKINASE-RXN	THIAMIN-PYROPHOSPHOKINASE-RXN
PWY-6893		NA			RXN-12610	
PWY-8132		NA	NA		O-ACETYLHOMOSERINE-THIOL-LYASE-RXN	O-ACETYLHOMOSERINE-THIOL-LYASE-RXN
PWY-8251		NA	NA		GLCNACPTRANS-RXN	GLCNACPTRANS-RXN
PWY-8220		NA	NA		GLCNACPTRANS-RXN	GLCNACPTRANS-RXN
PWY0-1305		NA	NA		GLUTDECARBOX-RXN	GLUTDECARBOX-RXN
PWY0-862		NA	NA		RXN-9655	RXN0-2142;5.3.3.14-RXN;RXN0-2141;RXN-9655;RXN0-2144
P162-PWY		NA			ACETYL-COA-ACETYLTRANSFER-RXN	
PWY3O-1743		NA	NA		MANNPISOM-RXN	MANNPISOM-RXN
PWY-7905		NA	NA		GLCNACPTRANS-RXN	GLCNACPTRANS-RXN
PWY-7886		NA			CHOLINE-KINASE-RXN	
PWY-7509		NA	NA		RXN-8141	RXN-8141
PWY-4261		NA			GLYCEROL-KIN-RXN	
PWY-7425		NA			RXN-14536	
PWY-8212		NA	NA		GLCNACPTRANS-RXN	GLCNACPTRANS-RXN
PWY-5523		NA			FMNREDUCT-RXN	
PWY-5532		NA	NA		RXN0-5199;URPHOS-RXN;RXN-8801;CYTIKIN-RXN;ADENPHOSPHOR-RXN	CYTIKIN-RXN;RXN0-5199;ADENPHOSPHOR-RXN
PWY-723		NA	NA		2-NITROPROPANE-DIOXYGENASE-RXN	2-NITROPROPANE-DIOXYGENASE-RXN
LIPAS-PWY		NA			RXN-7952	
PWY-6972		NA			TRANS-RXN-220	
PWY-8011		NA	NA		SERINE--PYRUVATE-AMINOTRANSFERASE-RXN	HYDROXYPYRUVATE-REDUCTASE-RXN
PWY-7193		NA	NA		URIDINEKIN-RXN;CYTIDEAM2-RXN;CYTIKIN-RXN	URIDINEKIN-RXN;CYTIDEAM2-RXN;CYTIKIN-RXN
PWY-8060		NA			DEOXYRIBOSE-P-ALD-RXN	
PWY-6863		NA			PYRUFLAVREDUCT-RXN;RXN-12565;ACETYL-COA-ACETYLTRANSFER-RXN	
PWY-2301		NA	NA		MYO-INOSITOL-1OR-4-MONOPHOSPHATASE-RXN	MYO-INOSITOL-1OR-4-MONOPHOSPHATASE-RXN
PWY-7119		NA			RXN-9623	
PWY-8101		NA			3.6.3.16-RXN	
GLUCARDEG-PWY		NA	NA		GKI-RXN;TSA-REDUCT-RXN	GKI-RXN
PWY-8274		NA			DLACTDEHYDROGNAD-RXN	
PWY-8051		NA			RXN-20556	
PWY-922		NA	NA		PHOSPHOMEVALONATE-KINASE-RXN;IPPISOM-RXN;HYDROXYMETHYLGLUTARYL-COA-SYNTHASE-RXN;ACETYL-COA-ACETYLTRANSFER-RXN	PHOSPHOMEVALONATE-KINASE-RXN;HYDROXYMETHYLGLUTARYL-COA-SYNTHASE-RXN
PWY-7388		NA			RXN-9520;4.2.1.58-RXN;3-OXOACYL-ACP-SYNTH-BASE-RXN;RXN-9518;RXN-9514;4.2.1.59-RXN;RXN-9523;RXN-9524;RXN-9516	
PWY-5645		NA	NA		RXN-10245	RXN-10245
PWY-6421		NA			3.6.3.16-RXN;RXN-11187	
PWY-8219		NA	NA		GLCNACPTRANS-RXN	GLCNACPTRANS-RXN
PWY-8205		NA	NA		GLCNACPTRANS-RXN	GLCNACPTRANS-RXN
GLYCOLATEMET-PWY		NA	NA		RXN0-5289;GKI-RXN	GKI-RXN
PWY-8266		NA			RXN-21019	
PWY-7530		NA	NA		GLCNACPTRANS-RXN	GLCNACPTRANS-RXN
PWY-7709		NA	NA		GPPSYN-RXN	GPPSYN-RXN
PWY-5741		NA			ACETYL-COA-ACETYLTRANSFER-RXN	
PWY-8125		NA	NA		IPPISOM-RXN;HYDROXYMETHYLGLUTARYL-COA-SYNTHASE-RXN;ACETYL-COA-ACETYLTRANSFER-RXN	HYDROXYMETHYLGLUTARYL-COA-SYNTHASE-RXN
PWY-8236		NA	NA		GLCNACPTRANS-RXN	GLCNACPTRANS-RXN
GLYCEROLMETAB-PWY		NA	NA		2.7.1.121-RXN	GLYCDEH-RXN
PWY-7179		NA	NA		DEOXYINOPHOSPHOR-RXN;DEOXYGUANPHOSPHOR-RXN;DEOXYADENPHOSPHOR-RXN;ADDALT-RXN	DEOXYINOPHOSPHOR-RXN;DEOXYGUANPHOSPHOR-RXN;DEOXYADENPHOSPHOR-RXN;ADDALT-RXN
GLYSYN-ALA-PWY		NA			ALANINE--GLYOXYLATE-AMINOTRANSFERASE-RXN	
CENTFERM-PWY		NA			PYRUFLAVREDUCT-RXN;ACETYL-COA-ACETYLTRANSFER-RXN	
PWY-7664		NA	NA		RXN-9533	RXN-16625;RXN-16622;RXN-16626;RXN-16614;RXN-16621;RXN-16619;RXN-16616;RXN-16623;RXN-16627;RXN-9533;RXN-16615
PWY-6686		NA	NA		RXN-12039	RXN-12039
PWY-8244		NA	NA		GLCNACPTRANS-RXN	GLCNACPTRANS-RXN
PWY-8272		NA	NA		GLCNACPTRANS-RXN	GLCNACPTRANS-RXN
ENTNER-DOUDOROFF-PWY		NA			KDPGALDOL-RXN	
PWY0-1300		NA	NA		GKI-RXN	GKI-RXN
PWY-7141		NA	NA		GPPSYN-RXN	GPPSYN-RXN
PWY-8230		NA	NA		GLCNACPTRANS-RXN	GLCNACPTRANS-RXN
PWY0-1337		NA			RXN-17778;RXN-17782;RXN-13617;ACETYL-COA-ACETYLTRANSFER-RXN;RXN-9644;RXN-14277;RXN-12565;RXN-14274;RXN-14394	
PWY-6001		NA			RXN-9644	
PWY-5676		NA			PWY0-1312;ACETYL-COA-ACETYLTRANSFER-RXN	
PWY-6898		NA	NA		THIAMIN-PYROPHOSPHOKINASE-RXN	THIAMIN-PYROPHOSPHOKINASE-RXN
PWY-8259		NA			RXN-982	
PWY-8275		NA			PYRUFLAVREDUCT-RXN	
PWY-7295		NA			RXN-14809	
PWY-5901		NA			ISOCHORSYN-RXN	
PWY-6336		NA	NA		RXN-8529	RXN-8529
PWY-6611		NA	NA		ADENPHOSPHOR-RXN;ADENODEAMIN-RXN	ADENPHOSPHOR-RXN;ADENODEAMIN-RXN
PWY-3881		NA	NA		MANNPISOM-RXN	MANNPISOM-RXN
PWY-6722		NA	NA		RXN0-5055	RXN0-5055
DETOX1-PWY		NA	NA		SUPEROX-DISMUT-RXN	SUPEROX-DISMUT-RXN
ECASYN-PWY		NA	NA		GLCNACPTRANS-RXN	GLCNACPTRANS-RXN
PWY-5122		NA	NA		GPPSYN-RXN	GPPSYN-RXN
PWY-8204		NA	NA		GLCNACPTRANS-RXN;UDPGLCNACEPIM-RXN	GLCNACPTRANS-RXN
PWY-7778		NA			ACETYL-COA-ACETYLTRANSFER-RXN	
PWY-8237		NA	NA		GLCNACPTRANS-RXN;UDPGLCNACEPIM-RXN	GLCNACPTRANS-RXN
ARGDEGRAD-PWY		NA			CITRULLINE-DEG-PWY;ARGININE-DEIMINASE-RXN	
PWY-7180		NA	NA		DEOXYRIBOSE-P-ALD-RXN;D-PPENTOMUT-RXN	D-PPENTOMUT-RXN
P621-PWY		NA	NA		3.5.2.12-RXN	3.5.2.12-RXN
PWY-7391		NA	NA		PHOSPHOMEVALONATE-KINASE-RXN;IPPISOM-RXN;HYDROXYMETHYLGLUTARYL-COA-SYNTHASE-RXN;ACETYL-COA-ACETYLTRANSFER-RXN	PHOSPHOMEVALONATE-KINASE-RXN;HYDROXYMETHYLGLUTARYL-COA-SYNTHASE-RXN
PWY66-368		NA			ACETYL-COA-ACETYLTRANSFER-RXN	
PWY66-367		NA	NA		HYDROXYMETHYLGLUTARYL-COA-SYNTHASE-RXN;ACETYL-COA-ACETYLTRANSFER-RXN	HYDROXYMETHYLGLUTARYL-COA-SYNTHASE-RXN
PWY-7224		NA	NA		DEOXYGUANOSINE-KINASE-RXN	DADPKIN-RXN;DGDPKIN-RXN
PWY-4942		NA			RXN-7421	
PWY-5844		NA			RXN-9205	
PWY-7779		NA			ACETYL-COA-ACETYLTRANSFER-RXN	
PWY-6907		NA	NA		RXN-12610;THIAMIN-PYROPHOSPHOKINASE-RXN	THIAMIN-PYROPHOSPHOKINASE-RXN
LYXMET-PWY		NA			RIBULPEPIM-RXN	
PWY-5147		NA			RXN-9644	
PWY18C3-24		NA			RXNQT-4366;RXN18C3-61	
PWY-8263		NA			RXN-982	
PWY-5747		NA	NA		2-METHYLCITRATE-SYNTHASE-RXN	2-METHYLCITRATE-SYNTHASE-RXN
GLUDEG-II-PWY		NA			PYRUFLAVREDUCT-RXN;CENTFERM-PWY	
PWY-8343		NA	NA		RXN-18014	RXN-18014
PWY-43		NA			AGMATINE-DEIMINASE-RXN	
PWY-6613		NA	NA		GART-RXN	GART-RXN
PWY-8211		NA	NA		GLCNACPTRANS-RXN	GLCNACPTRANS-RXN
PWY-6821		NA			3.2.1.83-RXN	
PWY-7885		NA	NA		RXN-18684	RXN-18684
PWY-8217		NA	NA		GLCNACPTRANS-RXN	GLCNACPTRANS-RXN
PWY-7456		NA	NA		MANNPISOM-RXN	MANNPISOM-RXN
PWY-6797		NA	NA		H2NEOPTERINALDOL-RXN	H2NEOPTERINALDOL-RXN;H2PTERIDINEPYROPHOSPHOKIN-RXN
PWY-8058		NA	NA		GKI-RXN;ACETYL-COA-ACETYLTRANSFER-RXN	GKI-RXN
PWY-8346		NA	NA		GLUTDECARBOX-RXN	GLUTDECARBOX-RXN
GALACTITOLCAT-PWY		NA	NA		TAGAKIN-RXN;RXN-16992;TAGAALDOL-RXN	TAGAKIN-RXN
PWY-7410		NA	NA		GPPSYN-RXN	GPPSYN-RXN
ARGDEG-III-PWY		NA			AGMATINE-DEIMINASE-RXN	
THRDLCTCAT-PWY		NA			THREOSPON-RXN	
PWY-8233		NA	NA		GLCNACPTRANS-RXN	GLCNACPTRANS-RXN
PWY-8226		NA	NA		GLCNACPTRANS-RXN	RXN-14559;GLCNACPTRANS-RXN
PWY-7659		NA	NA		GPPSYN-RXN	GPPSYN-RXN
PWY-5849		NA			RXN-9220	
PWY18C3-25		NA			RXNQT-4366	
PWY-5030			NA			HISTIDINE-AMMONIA-LYASE-RXN;UROCANATE-HYDRATASE-RXN
TRPCAT-PWY			NA			ARYLFORMAMIDASE-RXN
PWY-5441			NA			MMUM-RXN
PWY-7913			NA			RXN-18840
PWY-5534			NA			4.2.99.19-RXN;RXN-8805
PWY-6834			NA			RXN-12515
ASPARAGINESYN-PWY			NA			ASNSYNA-RXN
PWY-6139			NA			RXN-9990
PWY-5028			NA			HISTIDINE-AMMONIA-LYASE-RXN;UROCANATE-HYDRATASE-RXN
PWY-8122			NA			RXN-21239;RXN-21241
PWY-4081			NA			GLUTATHIONE-REDUCT-NADPH-RXN
PWY-7765			NA			ARYLFORMAMIDASE-RXN
PWY-4361			NA			RXN-13072
PWY-7853			NA			H2PTERIDINEPYROPHOSPHOKIN-RXN
P181-PWY			NA			RXN-13067;RXN-13072
PWY-7717			NA			ARYLFORMAMIDASE-RXN
PWY-6462			NA			RXN-11310
PWY1-2			NA			ALANINE-DEHYDROGENASE-RXN
PWY-7733			NA			RXN-17150
PWY-6282			NA			RXN-10659;RXN-10655;RXN-10654;RXN-10656;RXN-10658;RXN-10660
PWY-7858			NA			RXN0-2142;5.3.3.14-RXN;RXN0-2144;RXN0-2141
TOLUENE-DEG-2-OH-PWY			NA			CATECHOL-2-3-DIOXYGENASE-RXN
HISDEG-PWY			NA			HISTIDINE-AMMONIA-LYASE-RXN;UROCANATE-HYDRATASE-RXN
PWY-5704			NA			UREASE-RXN
ADENOSYLHOMOCYSCAT-PWY			NA			MMUM-RXN
PWY-5386-1			NA			GLYOXI-RXN
PWY-6459			NA			RXN-11297;RXN-11295
PWY-5294			NA			RXN-10851
TOLUENE-DEG-3-OH-PWY			NA			RXN-11219
PWY-6784			NA			3.1.1.73-RXN
PWY-7909			NA			RXN-2881
PWY3O-4106			NA			2.7.7.1-RXN
GLUTAMINDEG-PWY			NA			GLUTAMIN-RXN
PWY1G-170			NA			RXN-6581
PWY-6131			NA			GLYCDEH-RXN
GLUTSYN-PWY			NA			GLUTAMIN-RXN
PWY-7734			NA			RXN-17150
TOLUENE-DEG-DIOL-PWY			NA			CATECHOL-2-3-DIOXYGENASE-RXN
PWY-5921			NA			GLUTAMIN-RXN
PWY-7776			NA			RXN-17586;RXN-17582;RXN-17583
PWY-5651			NA			ARYLFORMAMIDASE-RXN
NAD-BIOSYNTHESIS-III			NA			2.7.7.1-RXN
P183-PWY			NA			CATECHOL-23-DIOXYGENASE-RXN
PWY-6627			NA			RXN-11714
HISHP-PWY			NA			HISTIDINE-AMMONIA-LYASE-RXN;UROCANATE-HYDRATASE-RXN
PWY-5641			NA			CATECHOL-2-3-DIOXYGENASE-RXN
PWY-6138			NA			RXN-9990
PWY-6309			NA			ARYLFORMAMIDASE-RXN;PWY-5651
PWY3O-1801			NA			RXN-10662
PWY-5386			NA			GLYOXI-RXN
